"Gene_symbol","XBCQD","SA_ALI"
"NOS2","TRUE","FALSE"
"AR","TRUE","FALSE"
"F10","TRUE","FALSE"
"TOP2","TRUE","FALSE"
"PTGS2","TRUE","FALSE"
"F7","TRUE","FALSE"
"TOP2A","TRUE","TRUE"
"ESR2","TRUE","FALSE"
"DPP4","TRUE","TRUE"
"HSP90","TRUE","FALSE"
"PRSS1","TRUE","FALSE"
"NCOA2","TRUE","FALSE"
"CALM","TRUE","FALSE"
"CALM1","TRUE","FALSE"
"CAML1","TRUE","FALSE"
"F2","TRUE","FALSE"
"SCN5A","TRUE","FALSE"
"KDR","TRUE","FALSE"
"PPARD","TRUE","FALSE"
"PTGS1","TRUE","FALSE"
"PIK3CG","TRUE","FALSE"
"AKR1B1","TRUE","TRUE"
"JUN","TRUE","FALSE"
"ESR1","TRUE","FALSE"
"CHEK1","TRUE","FALSE"
"PRKACA","TRUE","FALSE"
"PGR","TRUE","FALSE"
"PR","TRUE","FALSE"
"KCNH2","TRUE","FALSE"
"D1R","TRUE","FALSE"
"DRD1","TRUE","FALSE"
"CHRM3","TRUE","FALSE"
"CHRM1","TRUE","FALSE"
"GABRA2 ","TRUE","FALSE"
"GABRA2","TRUE","FALSE"
"CHRM4","TRUE","FALSE"
"PDE3A","TRUE","FALSE"
"HTR2A","TRUE","FALSE"
"GABRA5","TRUE","FALSE"
"ADRA1A","TRUE","FALSE"
"GABRA3","TRUE","FALSE"
"GABRA23","TRUE","FALSE"
"CHRM2","TRUE","FALSE"
"ADRA1B","TRUE","FALSE"
"ADRB2","TRUE","TRUE"
"CHRNA2","TRUE","FALSE"
"SLC6A4","TRUE","FALSE"
"OPRM1","TRUE","FALSE"
"GABRA1","TRUE","FALSE"
"CHRNA7","TRUE","FALSE"
"CYP101","TRUE","FALSE"
"CYP101A1","TRUE","FALSE"
"BCL2","TRUE","FALSE"
"BAX","TRUE","FALSE"
"CASP9","TRUE","FALSE"
"CASP3","TRUE","FALSE"
"CASP8","TRUE","FALSE"
"PRKCA","TRUE","FALSE"
"TGFB1","TRUE","FALSE"
"PON1","TRUE","FALSE"
"MAP2","TRUE","FALSE"
"PKIA","TRUE","FALSE"
"IGHG1","TRUE","FALSE"
"CDKN1A","TRUE","FALSE"
"EIF6","TRUE","FALSE"
"TNF","TRUE","FALSE"
"TP53","TRUE","FALSE"
"FASN","TRUE","TRUE"
"PRKCE","TRUE","FALSE"
"CDC2","TRUE","FALSE"
"PCNA","TRUE","FALSE"
"MYC","TRUE","TRUE"
"IL1B","TRUE","TRUE"
"PRKCD","TRUE","TRUE"
"CCNB1","TRUE","FALSE"
"BLAC","TRUE","FALSE"
"PPARG","TRUE","FALSE"
"KLF7","TRUE","FALSE"
"NCOA1","TRUE","FALSE"
"NR3C2","TRUE","FALSE"
"MR","TRUE","FALSE"
"NR3C1","TRUE","FALSE"
"ABAT","TRUE","FALSE"
"ABL1","TRUE","FALSE"
"ACADSB","TRUE","FALSE"
"ACOX1","TRUE","FALSE"
"ACSL3","TRUE","TRUE"
"ACSL4","TRUE","TRUE"
"ADH5","TRUE","FALSE"
"ALDH5A1","TRUE","FALSE"
"ARF1","TRUE","FALSE"
"ARF6","TRUE","FALSE"
"C8G","TRUE","FALSE"
"CNR1","TRUE","FALSE"
"CNR2","TRUE","FALSE"
"CYP2C8","TRUE","FALSE"
"ECI2","TRUE","FALSE"
"ELOVL4","TRUE","FALSE"
"FADS1","TRUE","TRUE"
"FADS2","TRUE","FALSE"
"FFAR1","TRUE","FALSE"
"FKBP1A","TRUE","FALSE"
"FURIN","TRUE","TRUE"
"GLTP","TRUE","FALSE"
"GM2A","TRUE","FALSE"
"GUCA1A","TRUE","FALSE"
"HAO1","TRUE","FALSE"
"HDAC2","TRUE","FALSE"
"HDAC9","TRUE","FALSE"
"HNF4A","TRUE","FALSE"
"HNF4G","TRUE","FALSE"
"INS","TRUE","FALSE"
"LALBA","TRUE","FALSE"
"LIP3","TRUE","FALSE"
"LTB4R","TRUE","TRUE"
"LTB4R2","TRUE","FALSE"
"LTF","TRUE","TRUE"
"LY96","TRUE","TRUE"
"NR1H4","TRUE","FALSE"
"OGDH","TRUE","FALSE"
"PAEP","TRUE","FALSE"
"PLA2G1B","TRUE","FALSE"
"PLA2G2A","TRUE","FALSE"
"PLA2G2D","TRUE","FALSE"
"PLA2G2E","TRUE","FALSE"
"PMP2","TRUE","FALSE"
"PPARA","TRUE","FALSE"
"PPA_RS05235","TRUE","FALSE"
"PPP3CA","TRUE","FALSE"
"PPP3R1","TRUE","FALSE"
"PPT1","TRUE","FALSE"
"PVR","TRUE","FALSE"
"RCVRN","TRUE","FALSE"
"RHO","TRUE","FALSE"
"RXRA","TRUE","FALSE"
"RXRB","TRUE","FALSE"
"RXRG","TRUE","FALSE"
"S100B","TRUE","FALSE"
"SCN10A","TRUE","FALSE"
"SCN11A","TRUE","FALSE"
"SCN1A","TRUE","FALSE"
"SCN1B","TRUE","FALSE"
"SCN2A","TRUE","FALSE"
"SCN2B","TRUE","FALSE"
"SCN3A","TRUE","FALSE"
"SCN3B","TRUE","FALSE"
"SCN4A","TRUE","FALSE"
"SCN4B","TRUE","FALSE"
"SCN7A","TRUE","FALSE"
"SCN8A","TRUE","FALSE"
"SCN9A","TRUE","FALSE"
"SEC14L2","TRUE","FALSE"
"SLC8A1","TRUE","FALSE"
"SREBF1","TRUE","FALSE"
"TLR4","TRUE","FALSE"
"TM1468","TRUE","FALSE"
"TRAPPC3","TRUE","FALSE"
"TRPV1","TRUE","FALSE"
"VLDLR","TRUE","FALSE"
"AKR1C1","TRUE","FALSE"
"AKR1C2","TRUE","FALSE"
"CLEC4E","TRUE","TRUE"
"CYP27B1","TRUE","FALSE"
"GABRA4","TRUE","FALSE"
"GABRA6","TRUE","FALSE"
"GABRB1","TRUE","FALSE"
"GABRB2","TRUE","FALSE"
"GABRB3","TRUE","FALSE"
"GABRD","TRUE","FALSE"
"GABRE","TRUE","FALSE"
"GABRG1","TRUE","FALSE"
"GABRG2","TRUE","FALSE"
"GABRG3","TRUE","FALSE"
"GABRP","TRUE","FALSE"
"GABRQ","TRUE","FALSE"
"GRIN1","TRUE","FALSE"
"GRIN2A","TRUE","FALSE"
"GRIN2B","TRUE","FALSE"
"GRIN2C","TRUE","FALSE"
"GRIN2D","TRUE","FALSE"
"GRIN3A","TRUE","FALSE"
"GRIN3B","TRUE","FALSE"
"HOXA10","TRUE","FALSE"
"HSD17B1","TRUE","FALSE"
"LSS","TRUE","FALSE"
"MED1","TRUE","FALSE"
"NFKB1","TRUE","FALSE"
"NFKB2","TRUE","FALSE"
"NR1I2","TRUE","FALSE"
"NR1I3","TRUE","FALSE"
"RORA","TRUE","TRUE"
"SHBG","TRUE","FALSE"
"SIGMAR1","TRUE","TRUE"
"SRD5A1","TRUE","FALSE"
"SULT2A1","TRUE","FALSE"
"SULT2B1","TRUE","FALSE"
"VDR","TRUE","FALSE"
"ALAD","TRUE","FALSE"
"ARG1","TRUE","TRUE"
"ARG2","TRUE","FALSE"
"GABBR1","TRUE","FALSE"
"GABBR2","TRUE","FALSE"
"GATM","TRUE","FALSE"
"LPA","TRUE","FALSE"
"OAT","TRUE","FALSE"
"OAZ1","TRUE","FALSE"
"OAZ2","TRUE","FALSE"
"OAZ3","TRUE","FALSE"
"OTC","TRUE","FALSE"
"PLAT","TRUE","FALSE"
"PLG","TRUE","FALSE"
"SLC25A15","TRUE","FALSE"
"SLC25A2","TRUE","FALSE"
"SLC7A1","TRUE","FALSE"
"SLC7A2","TRUE","FALSE"
"SLC7A3","TRUE","FALSE"
"SLC7A4","TRUE","FALSE"
"BLLF1","TRUE","FALSE"
"FAAH","TRUE","FALSE"
"ABCB1","TRUE","FALSE"
"BIRC5","TRUE","FALSE"
"ACOT13","TRUE","FALSE"
"DBI","TRUE","FALSE"
"ANXA1","TRUE","FALSE"
"HSD11B2","TRUE","FALSE"
"HSD3B1","TRUE","FALSE"
"ATP1A1","TRUE","FALSE"
"ATP1A2","TRUE","FALSE"
"ATP1A3","TRUE","FALSE"
"GLRA3","TRUE","FALSE"
"HSD11B1","TRUE","FALSE"
"IL6","TRUE","FALSE"
"LPL","TRUE","FALSE"
"PPP1CC","TRUE","TRUE"
"SLCO1B3","TRUE","FALSE"
"YWHAE","TRUE","FALSE"
"ADH1C","TRUE","FALSE"
"CES1","TRUE","FALSE"
"COX4I1","TRUE","FALSE"
"COX5A","TRUE","TRUE"
"COX5B","TRUE","FALSE"
"COX6A2","TRUE","FALSE"
"COX6B1","TRUE","FALSE"
"COX6C","TRUE","FALSE"
"COX7A1","TRUE","FALSE"
"COX7B","TRUE","TRUE"
"COX7C","TRUE","TRUE"
"COX8A","TRUE","FALSE"
"EFTUD1","TRUE","FALSE"
"ESRRG","TRUE","FALSE"
"FABP6","TRUE","FALSE"
"FECH","TRUE","FALSE"
"GPBAR1","TRUE","FALSE"
"GSTP1","TRUE","TRUE"
"IGHG2","TRUE","FALSE"
"MT-CO1","TRUE","FALSE"
"MT-CO2","TRUE","FALSE"
"MT-CO3","TRUE","FALSE"
"NPPB","TRUE","FALSE"
"PRLR","TRUE","FALSE"
"HMGCR","TRUE","FALSE"
"NR0B1","TRUE","FALSE"
"LCN2","TRUE","TRUE"
"ACHE","TRUE","FALSE"
"HTR3A","TRUE","FALSE"
"IGKC","TRUE","FALSE"
"ABO","TRUE","FALSE"
"RARG","TRUE","FALSE"
"SERPINA1","TRUE","TRUE"
"AKR1D1","TRUE","FALSE"
"ALOX5","TRUE","TRUE"
"HSD17B11","TRUE","FALSE"
"MAOB","TRUE","FALSE"
"ABCC5","TRUE","FALSE"
"CBR1","TRUE","FALSE"
"EDNRA","TRUE","FALSE"
"GLO1","TRUE","TRUE"
"HSPA5","TRUE","FALSE"
"IKBKB","TRUE","FALSE"
"NFKBIA","TRUE","TRUE"
"PRKAA1","TRUE","FALSE"
"PRKAA2","TRUE","FALSE"
"PRKAB1","TRUE","FALSE"
"PRKAB2","TRUE","FALSE"
"PRKAG1","TRUE","FALSE"
"PRKAG2","TRUE","FALSE"
"PRKAG3","TRUE","FALSE"
"RPS6KA3","TRUE","FALSE"
"CHRM5","TRUE","FALSE"
"CA2","TRUE","FALSE"
"OPRD1","TRUE","FALSE"
"SLC6A2","TRUE","FALSE"
"HTR2C","TRUE","FALSE"
"OPRK1","TRUE","FALSE"
"SLC6A3","TRUE","FALSE"
"ADRA1D","TRUE","FALSE"
"DRD2","TRUE","FALSE"
"ADRA2A","TRUE","FALSE"
"PLAU","TRUE","FALSE"
"LTA4H","TRUE","FALSE"
"MAOA","TRUE","FALSE"
"CTRB1","TRUE","FALSE"
"ADRB1","TRUE","FALSE"
"CAT","TRUE","FALSE"
"HAS2","TRUE","FALSE"
"MAPK14","TRUE","TRUE"
"GSK3B","TRUE","FALSE"
"PIM1","TRUE","TRUE"
"CCNA2","TRUE","FALSE"
"CDK2","TRUE","FALSE"
"SOD1","TRUE","FALSE"
"ADRA2C","TRUE","FALSE"
"ADRA2B","TRUE","FALSE"
"DRD5","TRUE","FALSE"
"DRD3","TRUE","FALSE"
"ATP6","TRUE","FALSE"
"BECN1","TRUE","FALSE"
"CHRNA4","TRUE","FALSE"
"CYP19A1","TRUE","FALSE"
"GPER1","TRUE","FALSE"
"HSD17B2","TRUE","FALSE"
"NCOA5","TRUE","FALSE"
"ALDH1A1","TRUE","TRUE"
"ALDH1A2","TRUE","FALSE"
"CYP26A1","TRUE","FALSE"
"CYP26B1","TRUE","FALSE"
"CYP26C1","TRUE","FALSE"
"GPRC5A","TRUE","FALSE"
"HPGDS","TRUE","FALSE"
"IGFBP3","TRUE","FALSE"
"LCN1","TRUE","FALSE"
"OBP2A","TRUE","FALSE"
"PDK4","TRUE","FALSE"
"PSG5","TRUE","FALSE"
"RARA","TRUE","FALSE"
"RARB","TRUE","FALSE"
"RARRES1","TRUE","FALSE"
"RBP4","TRUE","FALSE"
"AMY2B","TRUE","FALSE"
"CYP2B6","TRUE","FALSE"
"GLT6D1","TRUE","FALSE"
"LGALS3","TRUE","FALSE"
"TYR","TRUE","FALSE"
"CDIPT","TRUE","FALSE"
"GBA","TRUE","TRUE"
"AMY1A","TRUE","FALSE"
"AMY2A","TRUE","FALSE"
"BAMF_RS28815","TRUE","FALSE"
"GCK","TRUE","FALSE"
"GNPDA1","TRUE","FALSE"
"HK1","TRUE","FALSE"
"IFNB1","TRUE","FALSE"
"KRTAP5-2","TRUE","FALSE"
"KRTAP5-3","TRUE","FALSE"
"LCT","TRUE","FALSE"
"LCTL","TRUE","FALSE"
"LGALS2","TRUE","TRUE"
"LGALS7","TRUE","FALSE"
"MB","TRUE","FALSE"
"MBL2","TRUE","FALSE"
"NCAN","TRUE","FALSE"
"NUDT9","TRUE","TRUE"
"PYGL","TRUE","TRUE"
"PYGM","TRUE","FALSE"
"SFTPD","TRUE","FALSE"
"SIGLEC1","TRUE","FALSE"
"SMARCA5","TRUE","FALSE"
"TM0024","TRUE","FALSE"
"FCER1A","FALSE","TRUE"
"BCL11B","FALSE","TRUE"
"IL2RB","FALSE","TRUE"
"CCR3","FALSE","TRUE"
"TRBC1","FALSE","TRUE"
"IL7R","FALSE","TRUE"
"PVRIG","FALSE","TRUE"
"STAG3","FALSE","TRUE"
"CCR7","FALSE","TRUE"
"LCK","FALSE","TRUE"
"P2RY10","FALSE","TRUE"
"TRA","FALSE","TRUE"
"TRAC","FALSE","TRUE"
"TRAJ17","FALSE","TRUE"
"TRAV20","FALSE","TRUE"
"KLRB1","FALSE","TRUE"
"CHI3L1","FALSE","TRUE"
"CD27","FALSE","TRUE"
"TRD","FALSE","TRUE"
"CD3D","FALSE","TRUE"
"TARP","FALSE","TRUE"
"TRGC2","FALSE","TRUE"
"HLA-DPA1","FALSE","TRUE"
"C2orf89","FALSE","TRUE"
"KLRG1","FALSE","TRUE"
"ESYT1","FALSE","TRUE"
"LOC100286937","FALSE","TRUE"
"LOC100287164","FALSE","TRUE"
"RASA4","FALSE","TRUE"
"HLA-DRB1","FALSE","TRUE"
"HLA-DRB3","FALSE","TRUE"
"HLA-DRB5","FALSE","TRUE"
"LOC100294036","FALSE","TRUE"
"LRRN3","FALSE","TRUE"
"GPR183","FALSE","TRUE"
"CD74","FALSE","TRUE"
"SULF2","FALSE","TRUE"
"GZMH","FALSE","TRUE"
"GPR18","FALSE","TRUE"
"HLA-DRB4","FALSE","TRUE"
"HLA-DMA","FALSE","TRUE"
"CLIC3","FALSE","TRUE"
"NLRC3","FALSE","TRUE"
"FAM113B","FALSE","TRUE"
"FGFBP2","FALSE","TRUE"
"HVCN1","FALSE","TRUE"
"GZMK","FALSE","TRUE"
"MYBL1","FALSE","TRUE"
"ARL4C","FALSE","TRUE"
"GZMM","FALSE","TRUE"
"PRF1","FALSE","TRUE"
"S1PR5","FALSE","TRUE"
"MS4A1","FALSE","TRUE"
"LOC400986","FALSE","TRUE"
"ANKRD36B","FALSE","TRUE"
"ANKRD36","FALSE","TRUE"
"HLA-DQA1","FALSE","TRUE"
"HLA-DRA","FALSE","TRUE"
"CPVL","FALSE","TRUE"
"CD247","FALSE","TRUE"
"GZMB","FALSE","TRUE"
"KLRK1","FALSE","TRUE"
"PRKCH","FALSE","TRUE"
"GIMAP5","FALSE","TRUE"
"EVL","FALSE","TRUE"
"TBX21","FALSE","TRUE"
"IL32","FALSE","TRUE"
"STAT4","FALSE","TRUE"
"FAIM3","FALSE","TRUE"
"DOCK10","FALSE","TRUE"
"ABLIM1","FALSE","TRUE"
"TXK","FALSE","TRUE"
"DYRK2","FALSE","TRUE"
"SKAP1","FALSE","TRUE"
"EOMES","FALSE","TRUE"
"HLA-DMB","FALSE","TRUE"
"TSHZ1","FALSE","TRUE"
"DENND2D","FALSE","TRUE"
"FBXL16","FALSE","TRUE"
"FAM102A","FALSE","TRUE"
"IARS","FALSE","TRUE"
"CDKN1C","FALSE","TRUE"
"CCL4","FALSE","TRUE"
"CCL4L1","FALSE","TRUE"
"CCL4L2","FALSE","TRUE"
"RPL22","FALSE","TRUE"
"PTGDS","FALSE","TRUE"
"FYN","FALSE","TRUE"
"PTPRCAP","FALSE","TRUE"
"ZFP36L2","FALSE","TRUE"
"PTPN4","FALSE","TRUE"
"PLEKHA1","FALSE","TRUE"
"NUP93","FALSE","TRUE"
"NCL","FALSE","TRUE"
"HNRNPA1","FALSE","TRUE"
"HNRPA1L-2","FALSE","TRUE"
"KIAA0748","FALSE","TRUE"
"CD81","FALSE","TRUE"
"TGFBI","FALSE","TRUE"
"SBK1","FALSE","TRUE"
"LOC100291980","FALSE","TRUE"
"CXXC5","FALSE","TRUE"
"CD8A","FALSE","TRUE"
"IGHM","FALSE","TRUE"
"USP11","FALSE","TRUE"
"GIMAP7","FALSE","TRUE"
"SPON2","FALSE","TRUE"
"BTN3A3","FALSE","TRUE"
"RASGRP1","FALSE","TRUE"
"NFATC3","FALSE","TRUE"
"SAMD3","FALSE","TRUE"
"RUNX3","FALSE","TRUE"
"ATIC","FALSE","TRUE"
"EIF3L","FALSE","TRUE"
"FCGR3A","FALSE","TRUE"
"BLNK","FALSE","TRUE"
"NPM1","FALSE","TRUE"
"LOC340947","FALSE","TRUE"
"ZNF266","FALSE","TRUE"
"LBH","FALSE","TRUE"
"CD96","FALSE","TRUE"
"APOL3","FALSE","TRUE"
"HNRNPA0","FALSE","TRUE"
"GBP5","FALSE","TRUE"
"RPL10A","FALSE","TRUE"
"NOP56","FALSE","TRUE"
"LOC100131541","FALSE","TRUE"
"LYSMD2","FALSE","TRUE"
"PDCD4","FALSE","TRUE"
"XCL1","FALSE","TRUE"
"XCL2","FALSE","TRUE"
"CFD","FALSE","TRUE"
"ARHGEF18","FALSE","TRUE"
"RPS23","FALSE","TRUE"
"DUSP6","FALSE","TRUE"
"APEX1","FALSE","TRUE"
"ITM2A","FALSE","TRUE"
"FAM43A","FALSE","TRUE"
"DDX24","FALSE","TRUE"
"NOB1","FALSE","TRUE"
"CD160","FALSE","TRUE"
"C12orf57","FALSE","TRUE"
"LOC728392","FALSE","TRUE"
"NLRP1","FALSE","TRUE"
"CRIP1","FALSE","TRUE"
"TRIB2","FALSE","TRUE"
"BIN1","FALSE","TRUE"
"ADA","FALSE","TRUE"
"SGK223","FALSE","TRUE"
"HNRNPH1","FALSE","TRUE"
"SIT1","FALSE","TRUE"
"SIRPG","FALSE","TRUE"
"MATK","FALSE","TRUE"
"EMR3","FALSE","TRUE"
"PPP3CC","FALSE","TRUE"
"BIRC3","FALSE","TRUE"
"AGAP6","FALSE","TRUE"
"AGAP7","FALSE","TRUE"
"TIGD3","FALSE","TRUE"
"MAD1L1","FALSE","TRUE"
"KLRD1","FALSE","TRUE"
"PABPC4","FALSE","TRUE"
"RFTN1","FALSE","TRUE"
"PURA","FALSE","TRUE"
"LAT","FALSE","TRUE"
"SPNS1","FALSE","TRUE"
"CUTA","FALSE","TRUE"
"MORC2","FALSE","TRUE"
"PLEKHO1","FALSE","TRUE"
"RHOH","FALSE","TRUE"
"SYTL2","FALSE","TRUE"
"NKTR","FALSE","TRUE"
"IFIT2","FALSE","TRUE"
"MYCBP2","FALSE","TRUE"
"PRPF19","FALSE","TRUE"
"KIAA0182","FALSE","TRUE"
"CPA3","FALSE","TRUE"
"PRR5L","FALSE","TRUE"
"AES","FALSE","TRUE"
"GPR171","FALSE","TRUE"
"NHP2L1","FALSE","TRUE"
"LY75","FALSE","TRUE"
"MAP3K4","FALSE","TRUE"
"GZMA","FALSE","TRUE"
"PQLC3","FALSE","TRUE"
"RANGRF","FALSE","TRUE"
"PCYOX1L","FALSE","TRUE"
"THEM4","FALSE","TRUE"
"C14orf43","FALSE","TRUE"
"MOAP1","FALSE","TRUE"
"ID2","FALSE","TRUE"
"LEPROTL1","FALSE","TRUE"
"TAGAP","FALSE","TRUE"
"MYOM2","FALSE","TRUE"
"CCT4","FALSE","TRUE"
"ISOC1","FALSE","TRUE"
"TCL1A","FALSE","TRUE"
"C6orf48","FALSE","TRUE"
"TRBV9","FALSE","TRUE"
"DDX18","FALSE","TRUE"
"CST3","FALSE","TRUE"
"GATA3","FALSE","TRUE"
"BTN3A2","FALSE","TRUE"
"FUS","FALSE","TRUE"
"MPHOSPH10","FALSE","TRUE"
"MPEG1","FALSE","TRUE"
"ATP5G2","FALSE","TRUE"
"XRCC6","FALSE","TRUE"
"GLOD4","FALSE","TRUE"
"KCNA3","FALSE","TRUE"
"RNF125","FALSE","TRUE"
"EEF2","FALSE","TRUE"
"VPREB3","FALSE","TRUE"
"LOC100170939","FALSE","TRUE"
"LOC653080","FALSE","TRUE"
"SMA4","FALSE","TRUE"
"SMA5","FALSE","TRUE"
"LOC399491","FALSE","TRUE"
"NPIP","FALSE","TRUE"
"HSP90AB3P","FALSE","TRUE"
"SF3A3","FALSE","TRUE"
"ZNF146","FALSE","TRUE"
"CTCF","FALSE","TRUE"
"Septin 6","FALSE","TRUE"
"SLC25A6","FALSE","TRUE"
"APRT","FALSE","TRUE"
"TNFRSF25","FALSE","TRUE"
"LOC389901","FALSE","TRUE"
"RABL2B","FALSE","TRUE"
"PSME2","FALSE","TRUE"
"CIRH1A","FALSE","TRUE"
"NDNL2","FALSE","TRUE"
"ID2B","FALSE","TRUE"
"NOL11","FALSE","TRUE"
"ANAPC1","FALSE","TRUE"
"PI3","FALSE","TRUE"
"NHP2","FALSE","TRUE"
"TAF4","FALSE","TRUE"
"PJA1","FALSE","TRUE"
"LOC728554","FALSE","TRUE"
"THOC3","FALSE","TRUE"
"LDLRAP1","FALSE","TRUE"
"POU2AF1","FALSE","TRUE"
"BEX4","FALSE","TRUE"
"BANK1","FALSE","TRUE"
"PLGLA","FALSE","TRUE"
"PLGLB1","FALSE","TRUE"
"PLGLB2","FALSE","TRUE"
"TMEM66","FALSE","TRUE"
"LUC7L2","FALSE","TRUE"
"TRAT1","FALSE","TRUE"
"LRRC47","FALSE","TRUE"
"IFIT1","FALSE","TRUE"
"ARHGEF3","FALSE","TRUE"
"ESYT2","FALSE","TRUE"
"M6PR","FALSE","TRUE"
"CHST7","FALSE","TRUE"
"JAK1","FALSE","TRUE"
"LOC150776","FALSE","TRUE"
"SMPD4","FALSE","TRUE"
"HMGN3","FALSE","TRUE"
"PRPF8","FALSE","TRUE"
"GOLGA8A","FALSE","TRUE"
"GOLGA8B","FALSE","TRUE"
"DDX27","FALSE","TRUE"
"PYHIN1","FALSE","TRUE"
"CCT3","FALSE","TRUE"
"HNRPDL","FALSE","TRUE"
"RABL2A","FALSE","TRUE"
"XYLT1","FALSE","TRUE"
"CXCR4","FALSE","TRUE"
"OCIAD2","FALSE","TRUE"
"STAG3L1","FALSE","TRUE"
"STAG3L2","FALSE","TRUE"
"STAG3L3","FALSE","TRUE"
"TAF15","FALSE","TRUE"
"LOC100128751","FALSE","TRUE"
"PUF60","FALSE","TRUE"
"FNBP4","FALSE","TRUE"
"RPS5","FALSE","TRUE"
"FTSJ1","FALSE","TRUE"
"C19orf2","FALSE","TRUE"
"SFRS7","FALSE","TRUE"
"RPL13","FALSE","TRUE"
"PAQR8","FALSE","TRUE"
"EPRS","FALSE","TRUE"
"CHCHD10","FALSE","TRUE"
"RRS1","FALSE","TRUE"
"LYAR","FALSE","TRUE"
"EIF3D","FALSE","TRUE"
"CALHM2","FALSE","TRUE"
"FOXJ3","FALSE","TRUE"
"EIF3A","FALSE","TRUE"
"LRRC33","FALSE","TRUE"
"CPPED1","FALSE","TRUE"
"C16orf80","FALSE","TRUE"
"ABI3","FALSE","TRUE"
"EEF1G","FALSE","TRUE"
"RPL37","FALSE","TRUE"
"SNORD72","FALSE","TRUE"
"SLC20A1","FALSE","TRUE"
"SUPT16H","FALSE","TRUE"
"GCN1L1","FALSE","TRUE"
"DDX21","FALSE","TRUE"
"LY86","FALSE","TRUE"
"RNASEH2B","FALSE","TRUE"
"CIB1","FALSE","TRUE"
"CUL1","FALSE","TRUE"
"S1PR1","FALSE","TRUE"
"ERP29","FALSE","TRUE"
"GIMAP1","FALSE","TRUE"
"PRPS1","FALSE","TRUE"
"TTC27","FALSE","TRUE"
"KIAA0947","FALSE","TRUE"
"IDO1","FALSE","TRUE"
"TTC19","FALSE","TRUE"
"CCT6A","FALSE","TRUE"
"ELP2","FALSE","TRUE"
"RPL13A","FALSE","TRUE"
"LOC100287430","FALSE","TRUE"
"KRT23","FALSE","TRUE"
"DHX15","FALSE","TRUE"
"VEGFB","FALSE","TRUE"
"C7orf23","FALSE","TRUE"
"POM121","FALSE","TRUE"
"LOC642869","FALSE","TRUE"
"LOC646817","FALSE","TRUE"
"RPS8","FALSE","TRUE"
"TOP2B","FALSE","TRUE"
"IRF8","FALSE","TRUE"
"CCDC115","FALSE","TRUE"
"EXOSC8","FALSE","TRUE"
"NPAT","FALSE","TRUE"
"SFRS15","FALSE","TRUE"
"KARS","FALSE","TRUE"
"C11orf46","FALSE","TRUE"
"GBP1","FALSE","TRUE"
"CLC","FALSE","TRUE"
"RBBP4","FALSE","TRUE"
"HIGD2A","FALSE","TRUE"
"ASTE1","FALSE","TRUE"
"BLCAP","FALSE","TRUE"
"TSEN54","FALSE","TRUE"
"PITPNC1","FALSE","TRUE"
"TECR","FALSE","TRUE"
"UTP3","FALSE","TRUE"
"CCT8P1","FALSE","TRUE"
"ABCF1","FALSE","TRUE"
"C11orf2","FALSE","TRUE"
"HOPX","FALSE","TRUE"
"UHRF2","FALSE","TRUE"
"C12orf41","FALSE","TRUE"
"MID1IP1","FALSE","TRUE"
"HOXB2","FALSE","TRUE"
"NXT1","FALSE","TRUE"
"PLEKHG3","FALSE","TRUE"
"NOV","FALSE","TRUE"
"PSMG2","FALSE","TRUE"
"KLRC1","FALSE","TRUE"
"KLRC2","FALSE","TRUE"
"RPL29","FALSE","TRUE"
"Septin 1","FALSE","TRUE"
"POLR2B","FALSE","TRUE"
"CCDC109B","FALSE","TRUE"
"C4orf14","FALSE","TRUE"
"POLD2","FALSE","TRUE"
"HNRNPA1L2","FALSE","TRUE"
"LOC644037","FALSE","TRUE"
"UNC119B","FALSE","TRUE"
"IL27RA","FALSE","TRUE"
"DSTN","FALSE","TRUE"
"KHDRBS1","FALSE","TRUE"
"SMYD2","FALSE","TRUE"
"RPL7A","FALSE","TRUE"
"TNIK","FALSE","TRUE"
"LOC200030","FALSE","TRUE"
"NBPF11","FALSE","TRUE"
"SLBP","FALSE","TRUE"
"ATP13A5","FALSE","TRUE"
"HARS","FALSE","TRUE"
"LOC100288418","FALSE","TRUE"
"SNHG12","FALSE","TRUE"
"SFRS11","FALSE","TRUE"
"NACA","FALSE","TRUE"
"SLC9A3R1","FALSE","TRUE"
"KLF10","FALSE","TRUE"
"NAE1","FALSE","TRUE"
"NCRNA00219","FALSE","TRUE"
"LOC100294402","FALSE","TRUE"
"SIGIRR","FALSE","TRUE"
"RPA2","FALSE","TRUE"
"FAM21A","FALSE","TRUE"
"FAM21B","FALSE","TRUE"
"FAM21C","FALSE","TRUE"
"FAM21D","FALSE","TRUE"
"LIPA","FALSE","TRUE"
"RBMX","FALSE","TRUE"
"RBMXL1","FALSE","TRUE"
"MS4A7","FALSE","TRUE"
"MRFAP1L1","FALSE","TRUE"
"PAN2","FALSE","TRUE"
"ELOVL5","FALSE","TRUE"
"MRPL34","FALSE","TRUE"
"CNOT7","FALSE","TRUE"
"PTPLAD1","FALSE","TRUE"
"RPL19","FALSE","TRUE"
"CRY1","FALSE","TRUE"
"THUMPD1","FALSE","TRUE"
"NONO","FALSE","TRUE"
"NUP107","FALSE","TRUE"
"BUB3","FALSE","TRUE"
"SLC4A7","FALSE","TRUE"
"SLC25A5","FALSE","TRUE"
"C12orf65","FALSE","TRUE"
"ZNF83","FALSE","TRUE"
"SMYD4","FALSE","TRUE"
"HMGN4","FALSE","TRUE"
"FNTA","FALSE","TRUE"
"ATP5A1","FALSE","TRUE"
"ANKH","FALSE","TRUE"
"TSPAN3","FALSE","TRUE"
"LOC100132247","FALSE","TRUE"
"LOC348162","FALSE","TRUE"
"LOC728888","FALSE","TRUE"
"NPIPL3","FALSE","TRUE"
"SFPQ","FALSE","TRUE"
"MRPS18B","FALSE","TRUE"
"MX1","FALSE","TRUE"
"C19orf63","FALSE","TRUE"
"CYP27A1","FALSE","TRUE"
"NBPF15","FALSE","TRUE"
"NBPF16","FALSE","TRUE"
"NBPF8","FALSE","TRUE"
"NBPF9","FALSE","TRUE"
"MIF","FALSE","TRUE"
"EIF4B","FALSE","TRUE"
"ANAPC5","FALSE","TRUE"
"NACA2","FALSE","TRUE"
"HEATR5B","FALSE","TRUE"
"DCAF16","FALSE","TRUE"
"SSBP3","FALSE","TRUE"
"TC2N","FALSE","TRUE"
"PDHB","FALSE","TRUE"
"USPL1","FALSE","TRUE"
"GPATCH1","FALSE","TRUE"
"TMEM203","FALSE","TRUE"
"ANXA6","FALSE","TRUE"
"SDR39U1","FALSE","TRUE"
"KDM3A","FALSE","TRUE"
"KCTD6","FALSE","TRUE"
"RFX5","FALSE","TRUE"
"PSME1","FALSE","TRUE"
"AGPAT2","FALSE","TRUE"
"CR1","FALSE","TRUE"
"CR1L","FALSE","TRUE"
"ENTPD7","FALSE","TRUE"
"RHOU","FALSE","TRUE"
"TIPARP","FALSE","TRUE"
"CEACAM4","FALSE","TRUE"
"TSHZ3","FALSE","TRUE"
"SAMD8","FALSE","TRUE"
"MARCO","FALSE","TRUE"
"C20orf3","FALSE","TRUE"
"OSM","FALSE","TRUE"
"SAP30","FALSE","TRUE"
"LOC100129827","FALSE","TRUE"
"TRIB1","FALSE","TRUE"
"ADCY3","FALSE","TRUE"
"HSDL2","FALSE","TRUE"
"HGF","FALSE","TRUE"
"WFDC1","FALSE","TRUE"
"DUSP13","FALSE","TRUE"
"LYRM1","FALSE","TRUE"
"TMEM110","FALSE","TRUE"
"NME4","FALSE","TRUE"
"C19orf38","FALSE","TRUE"
"C8orf83","FALSE","TRUE"
"DOK3","FALSE","TRUE"
"LRPAP1","FALSE","TRUE"
"TUBB2A","FALSE","TRUE"
"LOC653562","FALSE","TRUE"
"SLC6A10P","FALSE","TRUE"
"SLC6A8","FALSE","TRUE"
"VSIG4","FALSE","TRUE"
"RNF11","FALSE","TRUE"
"PDZD8","FALSE","TRUE"
"OBFC2A","FALSE","TRUE"
"TMEM167A","FALSE","TRUE"
"TSTA3","FALSE","TRUE"
"MANSC1","FALSE","TRUE"
"FAM157B","FALSE","TRUE"
"FAM157C","FALSE","TRUE"
"UBAP1","FALSE","TRUE"
"HPSE","FALSE","TRUE"
"ERO1L","FALSE","TRUE"
"LRRN1","FALSE","TRUE"
"SEC62","FALSE","TRUE"
"C2orf88","FALSE","TRUE"
"KIAA1539","FALSE","TRUE"
"DIRC2","FALSE","TRUE"
"LOC647302","FALSE","TRUE"
"PAG1","FALSE","TRUE"
"HMBS","FALSE","TRUE"
"MCTP1","FALSE","TRUE"
"POC1B","FALSE","TRUE"
"MGST1","FALSE","TRUE"
"ASGR2","FALSE","TRUE"
"SF3B14","FALSE","TRUE"
"CKLF","FALSE","TRUE"
"MAN1A1","FALSE","TRUE"
"MXI1","FALSE","TRUE"
"NDST2","FALSE","TRUE"
"C20orf69","FALSE","TRUE"
"MTX1","FALSE","TRUE"
"FLJ10213","FALSE","TRUE"
"LOC100132062","FALSE","TRUE"
"LOC100133161","FALSE","TRUE"
"LOC100133331","FALSE","TRUE"
"LOC653340","FALSE","TRUE"
"LOC729737","FALSE","TRUE"
"CAPZA2","FALSE","TRUE"
"CLEC5A","FALSE","TRUE"
"SLC40A1","FALSE","TRUE"
"TSPAN2","FALSE","TRUE"
"FAM177A1","FALSE","TRUE"
"GK","FALSE","TRUE"
"CPD","FALSE","TRUE"
"C14orf129","FALSE","TRUE"
"CCPG1","FALSE","TRUE"
"UBR4","FALSE","TRUE"
"DCUN1D1","FALSE","TRUE"
"ZNF354A","FALSE","TRUE"
"TMOD1","FALSE","TRUE"
"MAFG","FALSE","TRUE"
"LPCAT2","FALSE","TRUE"
"C1QB","FALSE","TRUE"
"TMCO3","FALSE","TRUE"
"TXNDC3","FALSE","TRUE"
"ACER3","FALSE","TRUE"
"TMTC1","FALSE","TRUE"
"ISCA1","FALSE","TRUE"
"ISCA1P1","FALSE","TRUE"
"FLOT2","FALSE","TRUE"
"LGALS8","FALSE","TRUE"
"FNDC3B","FALSE","TRUE"
"PDSS1","FALSE","TRUE"
"MXD3","FALSE","TRUE"
"HIST1H1C","FALSE","TRUE"
"EXT1","FALSE","TRUE"
"COMMD8","FALSE","TRUE"
"HAUS4","FALSE","TRUE"
"C14orf101","FALSE","TRUE"
"PHTF1","FALSE","TRUE"
"CTNNAL1","FALSE","TRUE"
"TIFA","FALSE","TRUE"
"TTC35","FALSE","TRUE"
"FKBP1B","FALSE","TRUE"
"NDUFB1","FALSE","TRUE"
"C18orf32","FALSE","TRUE"
"CREG1","FALSE","TRUE"
"HAT1","FALSE","TRUE"
"APOBEC3B","FALSE","TRUE"
"C1GALT1C1","FALSE","TRUE"
"USP32","FALSE","TRUE"
"MTHFD2","FALSE","TRUE"
"PCMT1","FALSE","TRUE"
"FGD4","FALSE","TRUE"
"HIST1H4J","FALSE","TRUE"
"HIST1H4K","FALSE","TRUE"
"PPP1R3B","FALSE","TRUE"
"AZI2","FALSE","TRUE"
"RGS18","FALSE","TRUE"
"GRAMD1A","FALSE","TRUE"
"ORM2","FALSE","TRUE"
"SNX3","FALSE","TRUE"
"SPTLC2","FALSE","TRUE"
"BST1","FALSE","TRUE"
"C5orf30","FALSE","TRUE"
"ERI1","FALSE","TRUE"
"AGTPBP1","FALSE","TRUE"
"TSPO","FALSE","TRUE"
"HEBP2","FALSE","TRUE"
"LOC100131128","FALSE","TRUE"
"TIMM8B","FALSE","TRUE"
"RHCE","FALSE","TRUE"
"RHD","FALSE","TRUE"
"HIST1H3D","FALSE","TRUE"
"ETS2","FALSE","TRUE"
"SERPINB2","FALSE","TRUE"
"SH3GLB1","FALSE","TRUE"
"LY6G6F","FALSE","TRUE"
"POR","FALSE","TRUE"
"MYL9","FALSE","TRUE"
"ANKRD9","FALSE","TRUE"
"LOC162632","FALSE","TRUE"
"LOC220594","FALSE","TRUE"
"USP6","FALSE","TRUE"
"CHIT1","FALSE","TRUE"
"SLC14A1","FALSE","TRUE"
"IER3","FALSE","TRUE"
"SESN3","FALSE","TRUE"
"LILRB3","FALSE","TRUE"
"LOC100291689","FALSE","TRUE"
"TMEM120A","FALSE","TRUE"
"SLC25A40","FALSE","TRUE"
"LIMK2","FALSE","TRUE"
"WSB1","FALSE","TRUE"
"DNAJC25-GNG10","FALSE","TRUE"
"GNG10","FALSE","TRUE"
"CHPT1","FALSE","TRUE"
"GALNT4","FALSE","TRUE"
"FEM1C","FALSE","TRUE"
"JAK2","FALSE","TRUE"
"SIGLEC9","FALSE","TRUE"
"CD55","FALSE","TRUE"
"CSGALNACT2","FALSE","TRUE"
"LIPN","FALSE","TRUE"
"ERLIN1","FALSE","TRUE"
"MEF2A","FALSE","TRUE"
"CASP5","FALSE","TRUE"
"COL17A1","FALSE","TRUE"
"ITGA7","FALSE","TRUE"
"ST3GAL4","FALSE","TRUE"
"FLOT1","FALSE","TRUE"
"NSUN3","FALSE","TRUE"
"ANKRD55","FALSE","TRUE"
"PLIN5","FALSE","TRUE"
"XK","FALSE","TRUE"
"CDKN2C","FALSE","TRUE"
"CAPG","FALSE","TRUE"
"TMEM158","FALSE","TRUE"
"SELP","FALSE","TRUE"
"GBAP1","FALSE","TRUE"
"PCOLCE2","FALSE","TRUE"
"RNF182","FALSE","TRUE"
"HIST2H2AA3","FALSE","TRUE"
"CCNA1","FALSE","TRUE"
"MGAM","FALSE","TRUE"
"ITPKC","FALSE","TRUE"
"EVI2A","FALSE","TRUE"
"SAR1B","FALSE","TRUE"
"GAS7","FALSE","TRUE"
"EMB","FALSE","TRUE"
"LOC647121","FALSE","TRUE"
"RAB13","FALSE","TRUE"
"GGH","FALSE","TRUE"
"WIPI1","FALSE","TRUE"
"ARL4A","FALSE","TRUE"
"PPP4R2","FALSE","TRUE"
"QSOX1","FALSE","TRUE"
"CARD16","FALSE","TRUE"
"CPEB4","FALSE","TRUE"
"CISD2","FALSE","TRUE"
"FAR2","FALSE","TRUE"
"ATP8B4","FALSE","TRUE"
"EXOC6","FALSE","TRUE"
"PPP1R3D","FALSE","TRUE"
"DRAM1","FALSE","TRUE"
"RBX1","FALSE","TRUE"
"C3AR1","FALSE","TRUE"
"UBE2J1","FALSE","TRUE"
"TPST1","FALSE","TRUE"
"TREML1","FALSE","TRUE"
"PLEK2","FALSE","TRUE"
"PECR","FALSE","TRUE"
"RAB32","FALSE","TRUE"
"RAB20","FALSE","TRUE"
"C16orf7","FALSE","TRUE"
"PFKFB3","FALSE","TRUE"
"C9orf103","FALSE","TRUE"
"ADAM9","FALSE","TRUE"
"MOSC1","FALSE","TRUE"
"GCLM","FALSE","TRUE"
"FBXO30","FALSE","TRUE"
"ACN9","FALSE","TRUE"
"EMR1","FALSE","TRUE"
"SRPK1","FALSE","TRUE"
"FUT7","FALSE","TRUE"
"MKNK1","FALSE","TRUE"
"WDFY3","FALSE","TRUE"
"BLOC1S1","FALSE","TRUE"
"PSMA6","FALSE","TRUE"
"ADM","FALSE","TRUE"
"HMGB2","FALSE","TRUE"
"AGFG1","FALSE","TRUE"
"UBE2F","FALSE","TRUE"
"HIST1H2BD","FALSE","TRUE"
"TXN","FALSE","TRUE"
"KIF1B","FALSE","TRUE"
"LMNB1","FALSE","TRUE"
"SLC26A8","FALSE","TRUE"
"GLRX","FALSE","TRUE"
"SLC22A4","FALSE","TRUE"
"MS4A4A","FALSE","TRUE"
"KLHL2","FALSE","TRUE"
"ANKRD34B","FALSE","TRUE"
"GGT1","FALSE","TRUE"
"GGT2","FALSE","TRUE"
"GGT3P","FALSE","TRUE"
"GGTLC1","FALSE","TRUE"
"GGTLC2","FALSE","TRUE"
"GGTLC3","FALSE","TRUE"
"S100P","FALSE","TRUE"
"PLSCR1","FALSE","TRUE"
"TBC1D8","FALSE","TRUE"
"IPO11","FALSE","TRUE"
"LRRC70","FALSE","TRUE"
"DHRS13","FALSE","TRUE"
"PDCD10","FALSE","TRUE"
"GPR141","FALSE","TRUE"
"CD163","FALSE","TRUE"
"NQO2","FALSE","TRUE"
"ZNF438","FALSE","TRUE"
"GPR97","FALSE","TRUE"
"MBOAT2","FALSE","TRUE"
"RABGEF1","FALSE","TRUE"
"LOC100287060","FALSE","TRUE"
"LOC100287654","FALSE","TRUE"
"LOC100288169","FALSE","TRUE"
"GALNT14","FALSE","TRUE"
"MAP2K6","FALSE","TRUE"
"SOCS3","FALSE","TRUE"
"CLEC1B","FALSE","TRUE"
"METTL9","FALSE","TRUE"
"ATP11B","FALSE","TRUE"
"PCIF1","FALSE","TRUE"
"PFKFB2","FALSE","TRUE"
"C20orf194","FALSE","TRUE"
"SLC2A14","FALSE","TRUE"
"SLC2A3","FALSE","TRUE"
"LILRA6","FALSE","TRUE"
"CRISP3","FALSE","TRUE"
"SMPDL3A","FALSE","TRUE"
"NAIP","FALSE","TRUE"
"NSUN7","FALSE","TRUE"
"CNIH4","FALSE","TRUE"
"NDUFB3","FALSE","TRUE"
"SLPI","FALSE","TRUE"
"METTL7B","FALSE","TRUE"
"ECHDC3","FALSE","TRUE"
"TP53I3","FALSE","TRUE"
"SORT1","FALSE","TRUE"
"DHRS9","FALSE","TRUE"
"SIPA1L2","FALSE","TRUE"
"AIM2","FALSE","TRUE"
"LIN7A","FALSE","TRUE"
"DACH1","FALSE","TRUE"
"TDRD9","FALSE","TRUE"
"BPGM","FALSE","TRUE"
"DDAH2","FALSE","TRUE"
"GPR160","FALSE","TRUE"
"SULT1B1","FALSE","TRUE"
"IDI1","FALSE","TRUE"
"HPGD","FALSE","TRUE"
"YOD1","FALSE","TRUE"
"STOM","FALSE","TRUE"
"FCAR","FALSE","TRUE"
"C5orf32","FALSE","TRUE"
"EXOSC4","FALSE","TRUE"
"GRB10","FALSE","TRUE"
"UGCG","FALSE","TRUE"
"CDK5RAP2","FALSE","TRUE"
"OLAH","FALSE","TRUE"
"SAMSN1","FALSE","TRUE"
"GYG1","FALSE","TRUE"
"BMX","FALSE","TRUE"
"LOC643332","FALSE","TRUE"
"IL1R2","FALSE","TRUE"
"GADD45A","FALSE","TRUE"
"ANXA3","FALSE","TRUE"
"MMP8","FALSE","TRUE"
"CLEC4D","FALSE","TRUE"
"C19orf59","FALSE","TRUE"
"TM4SF1","FALSE","TRUE"
"CPS1","FALSE","TRUE"
"RASIP1","FALSE","TRUE"
"NTS","FALSE","TRUE"
"GAGE2B","FALSE","TRUE"
"KRT8","FALSE","TRUE"
"GAGE12C","FALSE","TRUE"
"KRT17","FALSE","TRUE"
"GAGE12G","FALSE","TRUE"
"FOLR1","FALSE","TRUE"
"GAGE4","FALSE","TRUE"
"AVPI1","FALSE","TRUE"
"GAL","FALSE","TRUE"
"SCD","FALSE","TRUE"
"GAGE12H","FALSE","TRUE"
"GAGE12J","FALSE","TRUE"
"GAGE12F","FALSE","TRUE"
"ASS1","FALSE","TRUE"
"GAGE12I","FALSE","TRUE"
"GAGE5","FALSE","TRUE"
"PITX1","FALSE","TRUE"
"GAGE12B","FALSE","TRUE"
"CKB","FALSE","TRUE"
"RPL26","FALSE","TRUE"
"KYNU","FALSE","TRUE"
"LAMA5","FALSE","TRUE"
"CLEC2D","FALSE","TRUE"
"CENPN","FALSE","TRUE"
"RPL23","FALSE","TRUE"
"SFN","FALSE","TRUE"
"DDIT4","FALSE","TRUE"
"RPL23AP87","FALSE","TRUE"
"TSPAN8","FALSE","TRUE"
"MRPS30","FALSE","TRUE"
"TPM2","FALSE","TRUE"
"FSCN1","FALSE","TRUE"
"NDUFAB1","FALSE","TRUE"
"RCN1","FALSE","TRUE"
"MSLN","FALSE","TRUE"
"SOWAHC","FALSE","TRUE"
"PHGDH","FALSE","TRUE"
"S100A16","FALSE","TRUE"
"SYDE1","FALSE","TRUE"
"PRSS21","FALSE","TRUE"
"CDK2AP1","FALSE","TRUE"
"NNMT","FALSE","TRUE"
"TOMM20","FALSE","TRUE"
"GAGE2E","FALSE","TRUE"
"AIMP2","FALSE","TRUE"
"CMC2","FALSE","TRUE"
"EFNA1","FALSE","TRUE"
"GAGE2A","FALSE","TRUE"
"BRIX1","FALSE","TRUE"
"EEF1A2","FALSE","TRUE"
"SLIRP","FALSE","TRUE"
"RPL21","FALSE","TRUE"
"PFAS","FALSE","TRUE"
"PPA1","FALSE","TRUE"
"MOCOS","FALSE","TRUE"
"PRDX4","FALSE","TRUE"
"CLNS1A","FALSE","TRUE"
"TRIP13","FALSE","TRUE"
"HSP90AA1","FALSE","TRUE"
"NDUFAF2","FALSE","TRUE"
"CGA","FALSE","TRUE"
"BZW2","FALSE","TRUE"
"FH","FALSE","TRUE"
"MRPL3","FALSE","TRUE"
"PON2","FALSE","TRUE"
"ANXA2P1","FALSE","TRUE"
"RPS17","FALSE","TRUE"
"GAGE6","FALSE","TRUE"
"PAICS","FALSE","TRUE"
"RPL31","FALSE","TRUE"
"HACD2","FALSE","TRUE"
"GAGE7","FALSE","TRUE"
"LSM5","FALSE","TRUE"
"SSBP1","FALSE","TRUE"
"PTGES3","FALSE","TRUE"
"PRDX1","FALSE","TRUE"
"MUC16","FALSE","TRUE"
"HSPB1","FALSE","TRUE"
"C14orf166","FALSE","TRUE"
"PTRF","FALSE","TRUE"
"BOLA3","FALSE","TRUE"
"CCDC86","FALSE","TRUE"
"BNIP3","FALSE","TRUE"
"PTMA","FALSE","TRUE"
"PACSIN3","FALSE","TRUE"
"CSE1L","FALSE","TRUE"
"TARS","FALSE","TRUE"
"CA9","FALSE","TRUE"
"CMBL","FALSE","TRUE"
"RHPN2","FALSE","TRUE"
"NSUN2","FALSE","TRUE"
"MRPL50","FALSE","TRUE"
"LINC01420","FALSE","TRUE"
"SLC27A2","FALSE","TRUE"
"RPL21P28","FALSE","TRUE"
"HMGCS1","FALSE","TRUE"
"C4BPB","FALSE","TRUE"
"ECHS1","FALSE","TRUE"
"NR2F6","FALSE","TRUE"
"TOMM7","FALSE","TRUE"
"ALDH7A1","FALSE","TRUE"
"CKS1B","FALSE","TRUE"
"EBP","FALSE","TRUE"
"METAP2","FALSE","TRUE"
"RPL14","FALSE","TRUE"
"ASPM","FALSE","TRUE"
"TCEAL4","FALSE","TRUE"
"HNRNPA1P33","FALSE","TRUE"
"RPS18","FALSE","TRUE"
"POP5","FALSE","TRUE"
"MRPL36","FALSE","TRUE"
"NME1","FALSE","TRUE"
"PTS","FALSE","TRUE"
"RPP40","FALSE","TRUE"
"ECT2","FALSE","TRUE"
"MRPL13","FALSE","TRUE"
"ILVBL","FALSE","TRUE"
"CISD1","FALSE","TRUE"
"MUC1","FALSE","TRUE"
"UQCRBP1","FALSE","TRUE"
"PDCD5","FALSE","TRUE"
"RPS24","FALSE","TRUE"
"POLR2H","FALSE","TRUE"
"NAXE","FALSE","TRUE"
"SNRPG","FALSE","TRUE"
"RPF2","FALSE","TRUE"
"SNRPF","FALSE","TRUE"
"C1QBP","FALSE","TRUE"
"HSPD1","FALSE","TRUE"
"RPL17","FALSE","TRUE"
"ITPR3","FALSE","TRUE"
"NOP58","FALSE","TRUE"
"RPS3A","FALSE","TRUE"
"DIMT1","FALSE","TRUE"
"RPA3","FALSE","TRUE"
"GOT2","FALSE","TRUE"
"CTXN1","FALSE","TRUE"
"SHFM1","FALSE","TRUE"
"HNRNPA1P10","FALSE","TRUE"
"LMNA","FALSE","TRUE"
"FUBP3","FALSE","TRUE"
"HADH","FALSE","TRUE"
"PERP","FALSE","TRUE"
"AKR1C3","FALSE","TRUE"
"DNAJA3","FALSE","TRUE"
"GINS2","FALSE","TRUE"
"KRT7","FALSE","TRUE"
"AARS","FALSE","TRUE"
"DFNA5","FALSE","TRUE"
"LIMCH1","FALSE","TRUE"
"LAPTM4B","FALSE","TRUE"
"UTP4","FALSE","TRUE"
"TUBB3","FALSE","TRUE"
"RPS21","FALSE","TRUE"
"DSG2","FALSE","TRUE"
"PTGES","FALSE","TRUE"
"PSMB5","FALSE","TRUE"
"BOD1","FALSE","TRUE"
"NBL1","FALSE","TRUE"
"RPP25","FALSE","TRUE"
"CKS2","FALSE","TRUE"
"AURKA","FALSE","TRUE"
"OIP5","FALSE","TRUE"
"ID1","FALSE","TRUE"
"PLS3","FALSE","TRUE"
"MAP7","FALSE","TRUE"
"FERMT2","FALSE","TRUE"
"NQO1","FALSE","TRUE"
"PODXL2","FALSE","TRUE"
"COL7A1","FALSE","TRUE"
"DNPH1","FALSE","TRUE"
"GGCT","FALSE","TRUE"
"RPL7","FALSE","TRUE"
"EBNA1BP2","FALSE","TRUE"
"SPR","FALSE","TRUE"
"UQCRHL","FALSE","TRUE"
"RABGGTB","FALSE","TRUE"
"ICAM2","FALSE","TRUE"
"UBA7","FALSE","TRUE"
"FAM101B","FALSE","TRUE"
"GRK6","FALSE","TRUE"
"VPS9D1","FALSE","TRUE"
"IFNAR1","FALSE","TRUE"
"EBLN2","FALSE","TRUE"
"SYTL1","FALSE","TRUE"
"PLCG2","FALSE","TRUE"
"DUSP18","FALSE","TRUE"
"IFNGR1","FALSE","TRUE"
"CPQ","FALSE","TRUE"
"FBXL5","FALSE","TRUE"
"RIN3","FALSE","TRUE"
"MIAT","FALSE","TRUE"
"VASP","FALSE","TRUE"
"PIM2","FALSE","TRUE"
"NFKBIZ","FALSE","TRUE"
"BTK","FALSE","TRUE"
"FOXP1-IT1","FALSE","TRUE"
"ATP6V0D1","FALSE","TRUE"
"ABCA1","FALSE","TRUE"
"ADAM19","FALSE","TRUE"
"SEMA4D","FALSE","TRUE"
"MAP2K3","FALSE","TRUE"
"TANGO2","FALSE","TRUE"
"HBZ","FALSE","TRUE"
"PGGHG","FALSE","TRUE"
"CCND3","FALSE","TRUE"
"GNA15","FALSE","TRUE"
"RAB24","FALSE","TRUE"
"AOAH","FALSE","TRUE"
"NUP214","FALSE","TRUE"
"NPL","FALSE","TRUE"
"ATG16L2","FALSE","TRUE"
"PCNX1","FALSE","TRUE"
"RASAL3","FALSE","TRUE"
"RRAGD","FALSE","TRUE"
"ITGAL","FALSE","TRUE"
"EHD1","FALSE","TRUE"
"MIR223","FALSE","TRUE"
"TGFBR2","FALSE","TRUE"
"2-Mar","FALSE","TRUE"
"QPCT","FALSE","TRUE"
"KCNJ2","FALSE","TRUE"
"MAP3K1","FALSE","TRUE"
"FRAT2","FALSE","TRUE"
"ADAP1","FALSE","TRUE"
"RASGRP2","FALSE","TRUE"
"TMEM8A","FALSE","TRUE"
"CTSS","FALSE","TRUE"
"CFP","FALSE","TRUE"
"TOM1","FALSE","TRUE"
"CYBB","FALSE","TRUE"
"ST6GALNAC2","FALSE","TRUE"
"PSMB9","FALSE","TRUE"
"TLR8","FALSE","TRUE"
"GYPE","FALSE","TRUE"
"SIGLEC10","FALSE","TRUE"
"BCL2L1","FALSE","TRUE"
"CTSH","FALSE","TRUE"
"STK40","FALSE","TRUE"
"SLA","FALSE","TRUE"
"SUSD3","FALSE","TRUE"
"RABAC1","FALSE","TRUE"
"PIAS1","FALSE","TRUE"
"KIAA0513","FALSE","TRUE"
"CD300LF","FALSE","TRUE"
"GUK1","FALSE","TRUE"
"FAM89B","FALSE","TRUE"
"KLF1","FALSE","TRUE"
"ZFP36","FALSE","TRUE"
"CEBPA","FALSE","TRUE"
"SOD2","FALSE","TRUE"
"TMEM86B","FALSE","TRUE"
"UBALD2","FALSE","TRUE"
"PLCB2","FALSE","TRUE"
"CNPPD1","FALSE","TRUE"
"VAMP5","FALSE","TRUE"
"CEACAM3","FALSE","TRUE"
"LRCH4","FALSE","TRUE"
"ADIPOR1","FALSE","TRUE"
"APOBR","FALSE","TRUE"
"OSTF1","FALSE","TRUE"
"FYB","FALSE","TRUE"
"TRIM25","FALSE","TRUE"
"CCNI","FALSE","TRUE"
"SLC12A9","FALSE","TRUE"
"IRF7","FALSE","TRUE"
"IRF2BPL","FALSE","TRUE"
"SELENBP1","FALSE","TRUE"
"LOC401357","FALSE","TRUE"
"AKNA","FALSE","TRUE"
"RASSF2","FALSE","TRUE"
"PRKCB","FALSE","TRUE"
"ADGRG3","FALSE","TRUE"
"MAST3","FALSE","TRUE"
"SHKBP1","FALSE","TRUE"
"LRRC25","FALSE","TRUE"
"CHST15","FALSE","TRUE"
"ARHGAP15","FALSE","TRUE"
"ZYX","FALSE","TRUE"
"SMIM24","FALSE","TRUE"
"DEDD2","FALSE","TRUE"
"FAM214B","FALSE","TRUE"
"PDZK1IP1","FALSE","TRUE"
"MARCKS","FALSE","TRUE"
"TNIP1","FALSE","TRUE"
"ADORA2A","FALSE","TRUE"
"RALB","FALSE","TRUE"
"DEF6","FALSE","TRUE"
"PPP1R18","FALSE","TRUE"
"ATP6V1B2","FALSE","TRUE"
"RENBP","FALSE","TRUE"
"PTAFR","FALSE","TRUE"
"CD93","FALSE","TRUE"
"NINJ1","FALSE","TRUE"
"ZDHHC18","FALSE","TRUE"
"CEBPE","FALSE","TRUE"
"CLEC12A","FALSE","TRUE"
"ACKR1","FALSE","TRUE"
"ANTXR2","FALSE","TRUE"
"MYL4","FALSE","TRUE"
"IRF9","FALSE","TRUE"
"NLRP12","FALSE","TRUE"
"ARHGEF6","FALSE","TRUE"
"DOCK2","FALSE","TRUE"
"NAMPT","FALSE","TRUE"
"NCKAP1L","FALSE","TRUE"
"PIP4K2A","FALSE","TRUE"
"VNN1","FALSE","TRUE"
"CD48","FALSE","TRUE"
"RUNDC3A","FALSE","TRUE"
"FOXO3","FALSE","TRUE"
"IFITM1","FALSE","TRUE"
"CTSB","FALSE","TRUE"
"RNF10","FALSE","TRUE"
"PLEKHO2","FALSE","TRUE"
"ADAM8","FALSE","TRUE"
"MZB1","FALSE","TRUE"
"PTPN6","FALSE","TRUE"
"TMEM71","FALSE","TRUE"
"ARPC1B","FALSE","TRUE"
"LAT2","FALSE","TRUE"
"PRAM1","FALSE","TRUE"
"CMTM7","FALSE","TRUE"
"TNFRSF14","FALSE","TRUE"
"TESC","FALSE","TRUE"
"PIK3CD","FALSE","TRUE"
"C17orf62","FALSE","TRUE"
"LPAR2","FALSE","TRUE"
"PSTPIP1","FALSE","TRUE"
"MYD88","FALSE","TRUE"
"RNASET2","FALSE","TRUE"
"ARHGAP4","FALSE","TRUE"
"SH3BGRL3","FALSE","TRUE"
"NRGN","FALSE","TRUE"
"CDKN2D","FALSE","TRUE"
"NINJ2","FALSE","TRUE"
"CHFR","FALSE","TRUE"
"RNF24","FALSE","TRUE"
"ITGAX","FALSE","TRUE"
"TSC22D3","FALSE","TRUE"
"HLA-H","FALSE","TRUE"
"PRTN3","FALSE","TRUE"
"TYMP","FALSE","TRUE"
"TMCC2","FALSE","TRUE"
"HCG4","FALSE","TRUE"
"ASAP1","FALSE","TRUE"
"HSPA6","FALSE","TRUE"
"ANPEP","FALSE","TRUE"
"DMTN","FALSE","TRUE"
"RGCC","FALSE","TRUE"
"SLC15A3","FALSE","TRUE"
"MYO1F","FALSE","TRUE"
"LOC606724","FALSE","TRUE"
"HLA-C","FALSE","TRUE"
"SYK","FALSE","TRUE"
"VCAN","FALSE","TRUE"
"IRF1","FALSE","TRUE"
"SLC4A1","FALSE","TRUE"
"TBXAS1","FALSE","TRUE"
"UBXN6","FALSE","TRUE"
"IL17RA","FALSE","TRUE"
"SASH3","FALSE","TRUE"
"ABTB1","FALSE","TRUE"
"CEACAM6","FALSE","TRUE"
"MS4A6A","FALSE","TRUE"
"HLA-F","FALSE","TRUE"
"PARVG","FALSE","TRUE"
"MXD1","FALSE","TRUE"
"GYPB","FALSE","TRUE"
"GMPR","FALSE","TRUE"
"ARHGAP30","FALSE","TRUE"
"CD37","FALSE","TRUE"
"KLF6","FALSE","TRUE"
"SSH2","FALSE","TRUE"
"TNFSF10","FALSE","TRUE"
"MX2","FALSE","TRUE"
"CD52","FALSE","TRUE"
"HBA2","FALSE","TRUE"
"RHOG","FALSE","TRUE"
"FERMT3","FALSE","TRUE"
"ISG20","FALSE","TRUE"
"NCF2","FALSE","TRUE"
"TMEM91","FALSE","TRUE"
"TBC1D10C","FALSE","TRUE"
"AIF1","FALSE","TRUE"
"CD300A","FALSE","TRUE"
"FAM129A","FALSE","TRUE"
"PQLC1","FALSE","TRUE"
"MSRB1","FALSE","TRUE"
"C5AR1","FALSE","TRUE"
"APBB1IP","FALSE","TRUE"
"TMEM140","FALSE","TRUE"
"ACAP1","FALSE","TRUE"
"TNFRSF1B","FALSE","TRUE"
"SAT1","FALSE","TRUE"
"R3HDM4","FALSE","TRUE"
"5-Sep","FALSE","TRUE"
"ICAM3","FALSE","TRUE"
"CXCR2","FALSE","TRUE"
"EVI2B","FALSE","TRUE"
"GBP2","FALSE","TRUE"
"SMAP2","FALSE","TRUE"
"CD53","FALSE","TRUE"
"FCGRT","FALSE","TRUE"
"AZU1","FALSE","TRUE"
"YPEL3","FALSE","TRUE"
"LYN","FALSE","TRUE"
"JCHAIN","FALSE","TRUE"
"SIRPA","FALSE","TRUE"
"FGD3","FALSE","TRUE"
"LST1","FALSE","TRUE"
"CRISPLD2","FALSE","TRUE"
"FFAR2","FALSE","TRUE"
"MPP1","FALSE","TRUE"
"VNN2","FALSE","TRUE"
"CXCR1","FALSE","TRUE"
"ZNF467","FALSE","TRUE"
"NCF4","FALSE","TRUE"
"LILRA2","FALSE","TRUE"
"FCGR3B","FALSE","TRUE"
"RBM38","FALSE","TRUE"
"HCK","FALSE","TRUE"
"S1PR4","FALSE","TRUE"
"FCGR2A","FALSE","TRUE"
"NKG7","FALSE","TRUE"
"ARHGAP9","FALSE","TRUE"
"FAM65B","FALSE","TRUE"
"HBB","FALSE","TRUE"
"SLC25A37","FALSE","TRUE"
"MMP25","FALSE","TRUE"
"EPB42","FALSE","TRUE"
"LYZ","FALSE","TRUE"
"PLEK","FALSE","TRUE"
"FGR","FALSE","TRUE"
"PYCARD","FALSE","TRUE"
"GMFG","FALSE","TRUE"
"MNDA","FALSE","TRUE"
"HLA-E","FALSE","TRUE"
"JAML","FALSE","TRUE"
"CYTH4","FALSE","TRUE"
"LAPTM5","FALSE","TRUE"
"NCF1","FALSE","TRUE"
"PLAC8","FALSE","TRUE"
"SORL1","FALSE","TRUE"
"CFLAR","FALSE","TRUE"
"FAM46C","FALSE","TRUE"
"HBA1","FALSE","TRUE"
"CMTM2","FALSE","TRUE"
"GYPC","FALSE","TRUE"
"NCF1C","FALSE","TRUE"
"CORO1A","FALSE","TRUE"
"WAS","FALSE","TRUE"
"SPI1","FALSE","TRUE"
"CD14","FALSE","TRUE"
"HLA-B","FALSE","TRUE"
"GPSM3","FALSE","TRUE"
"HCLS1","FALSE","TRUE"
"C1orf162","FALSE","TRUE"
"FCN1","FALSE","TRUE"
"S100A9","FALSE","TRUE"
"HBG1","FALSE","TRUE"
"FPR1","FALSE","TRUE"
"HBQ1","FALSE","TRUE"
"GLIPR2","FALSE","TRUE"
"ITGB2","FALSE","TRUE"
"LYL1","FALSE","TRUE"
"HBG2","FALSE","TRUE"
"SELL","FALSE","TRUE"
"CSF3R","FALSE","TRUE"
"IGLL1","FALSE","TRUE"
"SRGN","FALSE","TRUE"
"RAC2","FALSE","TRUE"
"LCP1","FALSE","TRUE"
"ARHGDIB","FALSE","TRUE"
"MCEMP1","FALSE","TRUE"
"ALOX5AP","FALSE","TRUE"
"TYROBP","FALSE","TRUE"
"HBM","FALSE","TRUE"
"DEFA1","FALSE","TRUE"
"DEFA3","FALSE","TRUE"
"DEFA1B","FALSE","TRUE"
"LDHB","FALSE","TRUE"
"SGK1","FALSE","TRUE"
"PEBP1","FALSE","TRUE"
"IMP3","FALSE","TRUE"
"IMPDH2","FALSE","TRUE"
"GIMAP4","FALSE","TRUE"
"MAL","FALSE","TRUE"
"DNMT1","FALSE","TRUE"
"FGL2","FALSE","TRUE"
"CCL5","FALSE","TRUE"
"FBL","FALSE","TRUE"
"LTB","FALSE","TRUE"
"DPEP2","FALSE","TRUE"
"RPL5","FALSE","TRUE"
"RBBP7","FALSE","TRUE"
"DKC1","FALSE","TRUE"
"WDR54","FALSE","TRUE"
"SET","FALSE","TRUE"
"P2RY8","FALSE","TRUE"
"HSP90AB1","FALSE","TRUE"
"HSPA9","FALSE","TRUE"
"NSA2","FALSE","TRUE"
"PARP1","FALSE","TRUE"
"EIF3E","FALSE","TRUE"
"KLF2","FALSE","TRUE"
"PECAM1","FALSE","TRUE"
"UBE2L6","FALSE","TRUE"
"ID3","FALSE","TRUE"
"CCT8","FALSE","TRUE"
"RNASE6","FALSE","TRUE"
"YWHAQ","FALSE","TRUE"
"C10orf54","FALSE","TRUE"
"HCST","FALSE","TRUE"
"TXNIP","FALSE","TRUE"
"GLIPR1","FALSE","TRUE"
"RPL23A","FALSE","TRUE"
"TNFSF13B","FALSE","TRUE"
"AQP9","FALSE","TRUE"
"FES","FALSE","TRUE"
"GCA","FALSE","TRUE"
"MICAL1","FALSE","TRUE"
"TPST2","FALSE","TRUE"
"PROK2","FALSE","TRUE"
"PLBD1","FALSE","TRUE"
"GP9","FALSE","TRUE"
"ALPK1","FALSE","TRUE"
"EIF4E3","FALSE","TRUE"
"LSM3","FALSE","TRUE"
"NFE2","FALSE","TRUE"
"NBEAL2","FALSE","TRUE"
"VSTM1","FALSE","TRUE"
"CTSD","FALSE","TRUE"
"BCL6","FALSE","TRUE"
"ENTPD1","FALSE","TRUE"
"FCER1G","FALSE","TRUE"
"CTSG","FALSE","TRUE"
"EMILIN2","FALSE","TRUE"
"ACSL1","FALSE","TRUE"
"MTF1","FALSE","TRUE"
"SEMA4A","FALSE","TRUE"
"ALAS2","FALSE","TRUE"
"SIGLEC5","FALSE","TRUE"
"RSL24D1","FALSE","TRUE"
"PADI4","FALSE","TRUE"
"ITGAM","FALSE","TRUE"
"PPM1M","FALSE","TRUE"
"P2RX1","FALSE","TRUE"
"IL4R","FALSE","TRUE"
"IL1RN","FALSE","TRUE"
"RAP1GAP","FALSE","TRUE"
"PPBP","FALSE","TRUE"
"OSCAR","FALSE","TRUE"
"SLC11A1","FALSE","TRUE"
"MPO","FALSE","TRUE"
"HIST2H2AA4","FALSE","TRUE"
"STXBP2","FALSE","TRUE"
"TFF3","FALSE","TRUE"
"SIAH2","FALSE","TRUE"
"NLRC4","FALSE","TRUE"
"FCGR1A","FALSE","TRUE"
"LRG1","FALSE","TRUE"
"HBD","FALSE","TRUE"
"GRINA","FALSE","TRUE"
"CD24","FALSE","TRUE"
"S100A8","FALSE","TRUE"
"IFIT1B","FALSE","TRUE"
"BATF","FALSE","TRUE"
"CAMP","FALSE","TRUE"
"SERPINB1","FALSE","TRUE"
"PGD","FALSE","TRUE"
"PSTPIP2","FALSE","TRUE"
"F5","FALSE","TRUE"
"MS4A3","FALSE","TRUE"
"ELANE","FALSE","TRUE"
"CST7","FALSE","TRUE"
"AHSP","FALSE","TRUE"
"FKBP5","FALSE","TRUE"
"ROPN1L","FALSE","TRUE"
"PGS1","FALSE","TRUE"
"DYSF","FALSE","TRUE"
"DEFA4","FALSE","TRUE"
"TNFAIP6","FALSE","TRUE"
"UPP1","FALSE","TRUE"
"CKAP4","FALSE","TRUE"
"RNASE3","FALSE","TRUE"
"CA1","FALSE","TRUE"
"ORM1","FALSE","TRUE"
"IL18RAP","FALSE","TRUE"
"FCGR1B","FALSE","TRUE"
"OPLAH","FALSE","TRUE"
"LILRA5","FALSE","TRUE"
"LRP10","FALSE","TRUE"
"HK3","FALSE","TRUE"
"IFI27","FALSE","TRUE"
"CEACAM8","FALSE","TRUE"
"IL18R1","FALSE","TRUE"
"ALPL","FALSE","TRUE"
"CEACAM1","FALSE","TRUE"
"FOLR3","FALSE","TRUE"
"IRAK3","FALSE","TRUE"
"MMP9","FALSE","TRUE"
"TCN1","FALSE","TRUE"
"ZDHHC19","FALSE","TRUE"
"PGLYRP1","FALSE","TRUE"
"TLR5","FALSE","TRUE"
"RNASE2","FALSE","TRUE"
"ANKRD22","FALSE","TRUE"
"BPI","FALSE","TRUE"
"CA4","FALSE","TRUE"
"RGL4","FALSE","TRUE"
"S100A12","FALSE","TRUE"
"OLFM4","FALSE","TRUE"
"RETN","FALSE","TRUE"
"GPR84","FALSE","TRUE"
"HP","FALSE","TRUE"
"CD177","FALSE","TRUE"
