"Mol_ID","Gene_symbol","Data_base"
"tcm04075","NOS2","TCMSP"
"tcm04075","AR","TCMSP"
"tcm04075","F10","TCMSP"
"tcm04075","TOP2","TCMSP"
"tcm04075","PTGS2","TCMSP"
"tcm04075","F7","TCMSP"
"tcm04075","TOP2A","TCMSP"
"tcm04075","ESR2","TCMSP"
"tcm04075","DPP4","TCMSP"
"tcm04075","HSP90","TCMSP"
"tcm04075","PRSS1","TCMSP"
"tcm04075","NCOA2","TCMSP"
"tcm04075","CALM","TCMSP"
"tcm04075","CALM1","TCMSP"
"tcm04075","CAML1","TCMSP"
"tcm04075","F2","TCMSP"
"tcm04075","SCN5A","TCMSP"
"tcm04075","KDR","TCMSP"
"tcm04075","PPARD","TCMSP"
"tcm04097","TOP2","TCMSP"
"tcm04097","TOP2A","TCMSP"
"tcm04106","PTGS1","TCMSP"
"tcm04106","PTGS2","TCMSP"
"tcm04106","HSP90","TCMSP"
"tcm04106","PIK3CG","TCMSP"
"tcm04106","NCOA2","TCMSP"
"tcm04106","AKR1B1","TCMSP"
"tcm04106","JUN","TCMSP"
"tcm04118","TOP2","TCMSP"
"tcm04118","TOP2A","TCMSP"
"tcm04119","NOS2","TCMSP"
"tcm04119","PTGS1","TCMSP"
"tcm04119","ESR1","TCMSP"
"tcm04119","PTGS2","TCMSP"
"tcm04119","ESR2","TCMSP"
"tcm04119","HSP90","TCMSP"
"tcm04119","PIK3CG","TCMSP"
"tcm04119","CHEK1","TCMSP"
"tcm04119","PRKACA","TCMSP"
"tcm04126","TOP2","TCMSP"
"tcm04126","TOP2A","TCMSP"
"tcm04133","PGR","TCMSP"
"tcm04133","PR","TCMSP"
"tcm04133","NCOA2","TCMSP"
"tcm00243","PGR","TCMSP"
"tcm00243","PR","TCMSP"
"tcm00243","NCOA2","TCMSP"
"tcm00243","PTGS1","TCMSP"
"tcm00243","PTGS2","TCMSP"
"tcm00243","HSP90","TCMSP"
"tcm00243","PIK3CG","TCMSP"
"tcm00243","KCNH2","TCMSP"
"tcm00243","PRKACA","TCMSP"
"tcm00243","D1R","TCMSP"
"tcm00243","DRD1","TCMSP"
"tcm00243","CHRM3","TCMSP"
"tcm00243","CHRM1","TCMSP"
"tcm00243","SCN5A","TCMSP"
"tcm00243","GABRA2 ","TCMSP"
"tcm00243","GABRA2","TCMSP"
"tcm00243","CHRM4","TCMSP"
"tcm00243","PDE3A","TCMSP"
"tcm00243","HTR2A","TCMSP"
"tcm00243","GABRA5","TCMSP"
"tcm00243","ADRA1A","TCMSP"
"tcm00243","GABRA3","TCMSP"
"tcm00243","GABRA23","TCMSP"
"tcm00243","CHRM2","TCMSP"
"tcm00243","ADRA1B","TCMSP"
"tcm00243","ADRB2","TCMSP"
"tcm00243","CHRNA2","TCMSP"
"tcm00243","SLC6A4","TCMSP"
"tcm00243","OPRM1","TCMSP"
"tcm00243","GABRA1","TCMSP"
"tcm00243","CHRNA7","TCMSP"
"tcm00243","CYP101","TCMSP"
"tcm00243","CYP101A1","TCMSP"
"tcm00243","BCL2","TCMSP"
"tcm00243","BAX","TCMSP"
"tcm00243","CASP9","TCMSP"
"tcm00243","JUN","TCMSP"
"tcm00243","CASP3","TCMSP"
"tcm00243","CASP8","TCMSP"
"tcm00243","PRKCA","TCMSP"
"tcm00243","TGFB1","TCMSP"
"tcm00243","PON1","TCMSP"
"tcm00243","MAP2","TCMSP"
"tcm02677","PTGS1","TCMSP"
"tcm02677","PTGS2","TCMSP"
"tcm02677","HSP90","TCMSP"
"tcm02677","PIK3CG","TCMSP"
"tcm02677","PRKACA","TCMSP"
"tcm02677","NCOA2","TCMSP"
"tcm02677","PKIA","TCMSP"
"tcm02677","AKR1B1","TCMSP"
"tcm02677","IGHG1","TCMSP"
"tcm02677","CDKN1A","TCMSP"
"tcm02677","EIF6","TCMSP"
"tcm02677","BAX","TCMSP"
"tcm02677","TNF","TCMSP"
"tcm02677","CASP3","TCMSP"
"tcm02677","TP53","TCMSP"
"tcm02677","FASN","TCMSP"
"tcm02677","PRKCA","TCMSP"
"tcm02677","PRKCE","TCMSP"
"tcm02677","CDC2","TCMSP"
"tcm02677","PCNA","TCMSP"
"tcm02677","MYC","TCMSP"
"tcm02677","IL1B","TCMSP"
"tcm02677","PRKCD","TCMSP"
"tcm02677","CCNB1","TCMSP"
"tcm02759","PTGS1","TCMSP"
"tcm02759","ESR1","TCMSP"
"tcm02759","PTGS2","TCMSP"
"tcm02759","HSP90","TCMSP"
"tcm02759","BLAC","TCMSP"
"tcm02759","PRKACA","TCMSP"
"tcm02759","NCOA2","TCMSP"
"tcm02759","CALM","TCMSP"
"tcm02759","CALM1","TCMSP"
"tcm02759","CAML1","TCMSP"
"tcm02759","FASN","TCMSP"
"tcm02759","PPARG","TCMSP"
"tcm02759","KLF7","TCMSP"
"tcm00210","PTGS1","TCMSP"
"tcm00210","PTGS2","TCMSP"
"tcm00210","NCOA2","TCMSP"
"tcm01925","NOS2","TCMSP"
"tcm01925","PTGS1","TCMSP"
"tcm01925","PTGS2","TCMSP"
"tcm01925","DPP4","TCMSP"
"tcm01925","HSP90","TCMSP"
"tcm01925","PRKACA","TCMSP"
"tcm01925","PRSS1","TCMSP"
"tcm01925","NCOA2","TCMSP"
"tcm01925","NCOA1","TCMSP"
"tcm01925","CALM","TCMSP"
"tcm01925","CALM1","TCMSP"
"tcm01925","CAML1","TCMSP"
"tcm01185","PGR","TCMSP"
"tcm01185","PR","TCMSP"
"tcm01185","NR3C2","TCMSP"
"tcm01185","MR","TCMSP"
"tcm01185","NCOA2","TCMSP"
"tcm01931","NOS2","TCMSP"
"tcm01931","PTGS1","TCMSP"
"tcm01931","PTGS2","TCMSP"
"tcm01931","DPP4","TCMSP"
"tcm01931","HSP90","TCMSP"
"tcm01931","PRKACA","TCMSP"
"tcm01931","PRSS1","TCMSP"
"tcm01931","NCOA2","TCMSP"
"tcm01931","CALM","TCMSP"
"tcm01931","CALM1","TCMSP"
"tcm01931","CAML1","TCMSP"
"tcm01931","PIK3CG","TCMSP"
"tcm06599","PGR","TCMSP"
"tcm06599","PR","TCMSP"
"tcm06599","NCOA2","TCMSP"
"tcm06604","PGR","TCMSP"
"tcm06604","PR","TCMSP"
"tcm06604","NR3C2","TCMSP"
"tcm06604","MR","TCMSP"
"tcm06609","NR3C1","TCMSP"
"tcm06610","NR3C2","TCMSP"
"tcm06610","MR","TCMSP"
"tcm06617","PTGS1","TCMSP"
"tcm06617","PTGS2","TCMSP"
"tcm06618","F10","TCMSP"
"tcm06618","TOP2","TCMSP"
"tcm00490","ABAT","TCMSP"
"tcm00490","ABL1","TCMSP"
"tcm00490","ACADSB","TCMSP"
"tcm00490","ACOX1","TCMSP"
"tcm00490","ACSL3","TCMSP"
"tcm00490","ACSL4","TCMSP"
"tcm00490","ADH5","TCMSP"
"tcm00490","ALDH5A1","TCMSP"
"tcm00490","ARF1","TCMSP"
"tcm00490","ARF6","TCMSP"
"tcm00490","C8G","TCMSP"
"tcm00490","CALM1","TCMSP"
"tcm00490","CNR1","TCMSP"
"tcm00490","CNR2","TCMSP"
"tcm00490","CYP2C8","TCMSP"
"tcm00490","ECI2","TCMSP"
"tcm00490","ELOVL4","TCMSP"
"tcm00490","FADS1","TCMSP"
"tcm00490","FADS2","TCMSP"
"tcm00490","FFAR1","TCMSP"
"tcm00490","FKBP1A","TCMSP"
"tcm00490","FURIN","TCMSP"
"tcm00490","GLTP","TCMSP"
"tcm00490","GM2A","TCMSP"
"tcm00490","GUCA1A","TCMSP"
"tcm00490","HAO1","TCMSP"
"tcm00490","HDAC2","TCMSP"
"tcm00490","HDAC9","TCMSP"
"tcm00490","HNF4A","TCMSP"
"tcm00490","HNF4G","TCMSP"
"tcm00490","INS","TCMSP"
"tcm00490","LALBA","TCMSP"
"tcm00490","LIP3","TCMSP"
"tcm00490","LTB4R","TCMSP"
"tcm00490","LTB4R2","TCMSP"
"tcm00490","LTF","TCMSP"
"tcm00490","LY96","TCMSP"
"tcm00490","NCOA1","TCMSP"
"tcm00490","NR1H4","TCMSP"
"tcm00490","OGDH","TCMSP"
"tcm00490","PAEP","TCMSP"
"tcm00490","PKIA","TCMSP"
"tcm00490","PLA2G1B","TCMSP"
"tcm00490","PLA2G2A","TCMSP"
"tcm00490","PLA2G2D","TCMSP"
"tcm00490","PLA2G2E","TCMSP"
"tcm00490","PMP2","TCMSP"
"tcm00490","PPARA","TCMSP"
"tcm00490","PPARD","TCMSP"
"tcm00490","PPARG","TCMSP"
"tcm00490","PPA_RS05235","TCMSP"
"tcm00490","PPP3CA","TCMSP"
"tcm00490","PPP3R1","TCMSP"
"tcm00490","PPT1","TCMSP"
"tcm00490","PRKACA","TCMSP"
"tcm00490","PTGS1","TCMSP"
"tcm00490","PTGS2","TCMSP"
"tcm00490","PVR","TCMSP"
"tcm00490","RCVRN","TCMSP"
"tcm00490","RHO","TCMSP"
"tcm00490","RXRA","TCMSP"
"tcm00490","RXRB","TCMSP"
"tcm00490","RXRG","TCMSP"
"tcm00490","S100B","TCMSP"
"tcm00490","SCN10A","TCMSP"
"tcm00490","SCN11A","TCMSP"
"tcm00490","SCN1A","TCMSP"
"tcm00490","SCN1B","TCMSP"
"tcm00490","SCN2A","TCMSP"
"tcm00490","SCN2B","TCMSP"
"tcm00490","SCN3A","TCMSP"
"tcm00490","SCN3B","TCMSP"
"tcm00490","SCN4A","TCMSP"
"tcm00490","SCN4B","TCMSP"
"tcm00490","SCN5A","TCMSP"
"tcm00490","SCN7A","TCMSP"
"tcm00490","SCN8A","TCMSP"
"tcm00490","SCN9A","TCMSP"
"tcm00490","SEC14L2","TCMSP"
"tcm00490","SLC8A1","TCMSP"
"tcm00490","SREBF1","TCMSP"
"tcm00490","TLR4","TCMSP"
"tcm00490","TM1468","TCMSP"
"tcm00490","TRAPPC3","TCMSP"
"tcm00490","TRPV1","TCMSP"
"tcm00490","VLDLR","TCMSP"
"tcm00491","ABL1","TCMSP"
"tcm00491","ACSL3","TCMSP"
"tcm00491","ACSL4","TCMSP"
"tcm00491","ADH5","TCMSP"
"tcm00491","ARF1","TCMSP"
"tcm00491","ARF6","TCMSP"
"tcm00491","C8G","TCMSP"
"tcm00491","CALM1","TCMSP"
"tcm00491","CYP2C8","TCMSP"
"tcm00491","ECI2","TCMSP"
"tcm00491","ELOVL4","TCMSP"
"tcm00491","FADS1","TCMSP"
"tcm00491","FADS2","TCMSP"
"tcm00491","FFAR1","TCMSP"
"tcm00491","FKBP1A","TCMSP"
"tcm00491","FURIN","TCMSP"
"tcm00491","GLTP","TCMSP"
"tcm00491","GM2A","TCMSP"
"tcm00491","GUCA1A","TCMSP"
"tcm00491","HNF4A","TCMSP"
"tcm00491","HNF4G","TCMSP"
"tcm00491","INS","TCMSP"
"tcm00491","LALBA","TCMSP"
"tcm00491","LIP3","TCMSP"
"tcm00491","LTF","TCMSP"
"tcm00491","LY96","TCMSP"
"tcm00491","NCOA1","TCMSP"
"tcm00491","NR1H4","TCMSP"
"tcm00491","PAEP","TCMSP"
"tcm00491","PKIA","TCMSP"
"tcm00491","PLA2G1B","TCMSP"
"tcm00491","PLA2G2A","TCMSP"
"tcm00491","PLA2G2D","TCMSP"
"tcm00491","PLA2G2E","TCMSP"
"tcm00491","PMP2","TCMSP"
"tcm00491","PPARA","TCMSP"
"tcm00491","PPARD","TCMSP"
"tcm00491","PPARG","TCMSP"
"tcm00491","PPA_RS05235","TCMSP"
"tcm00491","PPP3CA","TCMSP"
"tcm00491","PPP3R1","TCMSP"
"tcm00491","PPT1","TCMSP"
"tcm00491","PRKACA","TCMSP"
"tcm00491","PTGS1","TCMSP"
"tcm00491","PTGS2","TCMSP"
"tcm00491","PVR","TCMSP"
"tcm00491","RCVRN","TCMSP"
"tcm00491","RHO","TCMSP"
"tcm00491","RXRA","TCMSP"
"tcm00491","RXRB","TCMSP"
"tcm00491","RXRG","TCMSP"
"tcm00491","SEC14L2","TCMSP"
"tcm00491","SLC8A1","TCMSP"
"tcm00491","SREBF1","TCMSP"
"tcm00491","TLR4","TCMSP"
"tcm00491","TM1468","TCMSP"
"tcm00491","TRAPPC3","TCMSP"
"tcm00491","TRPV1","TCMSP"
"tcm00491","VLDLR","TCMSP"
"tcm00507","ABAT","TCMSP"
"tcm00507","ABL1","TCMSP"
"tcm00507","ACADSB","TCMSP"
"tcm00507","ACOX1","TCMSP"
"tcm00507","ACSL3","TCMSP"
"tcm00507","ACSL4","TCMSP"
"tcm00507","ADH5","TCMSP"
"tcm00507","ALDH5A1","TCMSP"
"tcm00507","ARF1","TCMSP"
"tcm00507","ARF6","TCMSP"
"tcm00507","C8G","TCMSP"
"tcm00507","CALM1","TCMSP"
"tcm00507","CNR1","TCMSP"
"tcm00507","CNR2","TCMSP"
"tcm00507","CYP2C8","TCMSP"
"tcm00507","ECI2","TCMSP"
"tcm00507","ELOVL4","TCMSP"
"tcm00507","FADS1","TCMSP"
"tcm00507","FADS2","TCMSP"
"tcm00507","FFAR1","TCMSP"
"tcm00507","FKBP1A","TCMSP"
"tcm00507","FURIN","TCMSP"
"tcm00507","GLTP","TCMSP"
"tcm00507","GM2A","TCMSP"
"tcm00507","GUCA1A","TCMSP"
"tcm00507","HAO1","TCMSP"
"tcm00507","HDAC2","TCMSP"
"tcm00507","HDAC9","TCMSP"
"tcm00507","HNF4A","TCMSP"
"tcm00507","HNF4G","TCMSP"
"tcm00507","INS","TCMSP"
"tcm00507","LALBA","TCMSP"
"tcm00507","LIP3","TCMSP"
"tcm00507","LTB4R","TCMSP"
"tcm00507","LTB4R2","TCMSP"
"tcm00507","LTF","TCMSP"
"tcm00507","LY96","TCMSP"
"tcm00507","NCOA1","TCMSP"
"tcm00507","NR1H4","TCMSP"
"tcm00507","OGDH","TCMSP"
"tcm00507","PAEP","TCMSP"
"tcm00507","PKIA","TCMSP"
"tcm00507","PLA2G1B","TCMSP"
"tcm00507","PLA2G2A","TCMSP"
"tcm00507","PLA2G2D","TCMSP"
"tcm00507","PLA2G2E","TCMSP"
"tcm00507","PMP2","TCMSP"
"tcm00507","PPARA","TCMSP"
"tcm00507","PPARD","TCMSP"
"tcm00507","PPARG","TCMSP"
"tcm00507","PPA_RS05235","TCMSP"
"tcm00507","PPP3CA","TCMSP"
"tcm00507","PPP3R1","TCMSP"
"tcm00507","PPT1","TCMSP"
"tcm00507","PRKACA","TCMSP"
"tcm00507","PTGS1","TCMSP"
"tcm00507","PTGS2","TCMSP"
"tcm00507","PVR","TCMSP"
"tcm00507","RCVRN","TCMSP"
"tcm00507","RHO","TCMSP"
"tcm00507","RXRA","TCMSP"
"tcm00507","RXRB","TCMSP"
"tcm00507","RXRG","TCMSP"
"tcm00507","S100B","TCMSP"
"tcm00507","SCN10A","TCMSP"
"tcm00507","SCN11A","TCMSP"
"tcm00507","SCN1A","TCMSP"
"tcm00507","SCN1B","TCMSP"
"tcm00507","SCN2A","TCMSP"
"tcm00507","SCN2B","TCMSP"
"tcm00507","SCN3A","TCMSP"
"tcm00507","SCN3B","TCMSP"
"tcm00507","SCN4A","TCMSP"
"tcm00507","SCN4B","TCMSP"
"tcm00507","SCN5A","TCMSP"
"tcm00507","SCN7A","TCMSP"
"tcm00507","SCN8A","TCMSP"
"tcm00507","SCN9A","TCMSP"
"tcm00507","SEC14L2","TCMSP"
"tcm00507","SLC8A1","TCMSP"
"tcm00507","SREBF1","TCMSP"
"tcm00507","TLR4","TCMSP"
"tcm00507","TM1468","TCMSP"
"tcm00507","TRAPPC3","TCMSP"
"tcm00507","TRPV1","TCMSP"
"tcm00507","VLDLR","TCMSP"
"tcm01334","AKR1C1","TCMSP"
"tcm01334","AKR1C2","TCMSP"
"tcm01334","AR","TCMSP"
"tcm01334","CLEC4E","TCMSP"
"tcm01334","CYP27B1","TCMSP"
"tcm01334","ESR1","TCMSP"
"tcm01334","ESR2","TCMSP"
"tcm01334","GABRA1","TCMSP"
"tcm01334","GABRA2","TCMSP"
"tcm01334","GABRA3","TCMSP"
"tcm01334","GABRA4","TCMSP"
"tcm01334","GABRA5","TCMSP"
"tcm01334","GABRA6","TCMSP"
"tcm01334","GABRB1","TCMSP"
"tcm01334","GABRB2","TCMSP"
"tcm01334","GABRB3","TCMSP"
"tcm01334","GABRD","TCMSP"
"tcm01334","GABRE","TCMSP"
"tcm01334","GABRG1","TCMSP"
"tcm01334","GABRG2","TCMSP"
"tcm01334","GABRG3","TCMSP"
"tcm01334","GABRP","TCMSP"
"tcm01334","GABRQ","TCMSP"
"tcm01334","GRIN1","TCMSP"
"tcm01334","GRIN2A","TCMSP"
"tcm01334","GRIN2B","TCMSP"
"tcm01334","GRIN2C","TCMSP"
"tcm01334","GRIN2D","TCMSP"
"tcm01334","GRIN3A","TCMSP"
"tcm01334","GRIN3B","TCMSP"
"tcm01334","HOXA10","TCMSP"
"tcm01334","HSD17B1","TCMSP"
"tcm01334","LIP3","TCMSP"
"tcm01334","LSS","TCMSP"
"tcm01334","MED1","TCMSP"
"tcm01334","NCOA2","TCMSP"
"tcm01334","NFKB1","TCMSP"
"tcm01334","NFKB2","TCMSP"
"tcm01334","NR1I2","TCMSP"
"tcm01334","NR1I3","TCMSP"
"tcm01334","NR3C1","TCMSP"
"tcm01334","NR3C2","TCMSP"
"tcm01334","PGR","TCMSP"
"tcm01334","PPARA","TCMSP"
"tcm01334","RORA","TCMSP"
"tcm01334","RXRA","TCMSP"
"tcm01334","SHBG","TCMSP"
"tcm01334","SIGMAR1","TCMSP"
"tcm01334","SRD5A1","TCMSP"
"tcm01334","SULT2A1","TCMSP"
"tcm01334","SULT2B1","TCMSP"
"tcm01334","VDR","TCMSP"
"tcm02062","ALAD","TCMSP"
"tcm02062","ARG1","TCMSP"
"tcm02062","ARG2","TCMSP"
"tcm02062","GABBR1","TCMSP"
"tcm02062","GABBR2","TCMSP"
"tcm02062","GATM","TCMSP"
"tcm02062","LPA","TCMSP"
"tcm02062","OAT","TCMSP"
"tcm02062","OAZ1","TCMSP"
"tcm02062","OAZ2","TCMSP"
"tcm02062","OAZ3","TCMSP"
"tcm02062","OTC","TCMSP"
"tcm02062","PLAT","TCMSP"
"tcm02062","PLG","TCMSP"
"tcm02062","SLC25A15","TCMSP"
"tcm02062","SLC25A2","TCMSP"
"tcm02062","SLC7A1","TCMSP"
"tcm02062","SLC7A2","TCMSP"
"tcm02062","SLC7A3","TCMSP"
"tcm02062","SLC7A4","TCMSP"
"tcm02303","ABL1","TCMSP"
"tcm02303","ACSL3","TCMSP"
"tcm02303","ACSL4","TCMSP"
"tcm02303","ADH5","TCMSP"
"tcm02303","ARF1","TCMSP"
"tcm02303","ARF6","TCMSP"
"tcm02303","C8G","TCMSP"
"tcm02303","CALM1","TCMSP"
"tcm02303","CYP2C8","TCMSP"
"tcm02303","ECI2","TCMSP"
"tcm02303","ELOVL4","TCMSP"
"tcm02303","FADS1","TCMSP"
"tcm02303","FADS2","TCMSP"
"tcm02303","FFAR1","TCMSP"
"tcm02303","FKBP1A","TCMSP"
"tcm02303","FURIN","TCMSP"
"tcm02303","GLTP","TCMSP"
"tcm02303","GM2A","TCMSP"
"tcm02303","GUCA1A","TCMSP"
"tcm02303","HNF4A","TCMSP"
"tcm02303","HNF4G","TCMSP"
"tcm02303","INS","TCMSP"
"tcm02303","LALBA","TCMSP"
"tcm02303","LIP3","TCMSP"
"tcm02303","LTF","TCMSP"
"tcm02303","LY96","TCMSP"
"tcm02303","NCOA1","TCMSP"
"tcm02303","NR1H4","TCMSP"
"tcm02303","PAEP","TCMSP"
"tcm02303","PKIA","TCMSP"
"tcm02303","PLA2G1B","TCMSP"
"tcm02303","PLA2G2A","TCMSP"
"tcm02303","PLA2G2D","TCMSP"
"tcm02303","PLA2G2E","TCMSP"
"tcm02303","PMP2","TCMSP"
"tcm02303","PPARA","TCMSP"
"tcm02303","PPARD","TCMSP"
"tcm02303","PPARG","TCMSP"
"tcm02303","PPA_RS05235","TCMSP"
"tcm02303","PPP3CA","TCMSP"
"tcm02303","PPP3R1","TCMSP"
"tcm02303","PPT1","TCMSP"
"tcm02303","PRKACA","TCMSP"
"tcm02303","PTGS1","TCMSP"
"tcm02303","PTGS2","TCMSP"
"tcm02303","PVR","TCMSP"
"tcm02303","RCVRN","TCMSP"
"tcm02303","RHO","TCMSP"
"tcm02303","RXRA","TCMSP"
"tcm02303","S100B","TCMSP"
"tcm02303","SEC14L2","TCMSP"
"tcm02303","SLC8A1","TCMSP"
"tcm02303","TLR4","TCMSP"
"tcm02303","TM1468","TCMSP"
"tcm02303","TRAPPC3","TCMSP"
"tcm02303","TRPV1","TCMSP"
"tcm02303","VLDLR","TCMSP"
"tcm02625","ABAT","TCMSP"
"tcm02625","ABL1","TCMSP"
"tcm02625","ACADSB","TCMSP"
"tcm02625","ACOX1","TCMSP"
"tcm02625","ACSL3","TCMSP"
"tcm02625","ACSL4","TCMSP"
"tcm02625","ADH5","TCMSP"
"tcm02625","ALDH5A1","TCMSP"
"tcm02625","ARF1","TCMSP"
"tcm02625","ARF6","TCMSP"
"tcm02625","C8G","TCMSP"
"tcm02625","CALM1","TCMSP"
"tcm02625","CNR1","TCMSP"
"tcm02625","CNR2","TCMSP"
"tcm02625","CYP2C8","TCMSP"
"tcm02625","ECI2","TCMSP"
"tcm02625","ELOVL4","TCMSP"
"tcm02625","FADS1","TCMSP"
"tcm02625","FADS2","TCMSP"
"tcm02625","FFAR1","TCMSP"
"tcm02625","FKBP1A","TCMSP"
"tcm02625","FURIN","TCMSP"
"tcm02625","GLTP","TCMSP"
"tcm02625","GM2A","TCMSP"
"tcm02625","GUCA1A","TCMSP"
"tcm02625","HAO1","TCMSP"
"tcm02625","HDAC2","TCMSP"
"tcm02625","HDAC9","TCMSP"
"tcm02625","HNF4A","TCMSP"
"tcm02625","HNF4G","TCMSP"
"tcm02625","INS","TCMSP"
"tcm02625","LALBA","TCMSP"
"tcm02625","LIP3","TCMSP"
"tcm02625","LTB4R","TCMSP"
"tcm02625","LTB4R2","TCMSP"
"tcm02625","LTF","TCMSP"
"tcm02625","LY96","TCMSP"
"tcm02625","NCOA1","TCMSP"
"tcm02625","NR1H4","TCMSP"
"tcm02625","OGDH","TCMSP"
"tcm02625","PAEP","TCMSP"
"tcm02625","PKIA","TCMSP"
"tcm02625","PLA2G1B","TCMSP"
"tcm02625","PLA2G2A","TCMSP"
"tcm02625","PLA2G2D","TCMSP"
"tcm02625","PLA2G2E","TCMSP"
"tcm02625","PMP2","TCMSP"
"tcm02625","PPARA","TCMSP"
"tcm02625","PPARD","TCMSP"
"tcm02625","PPARG","TCMSP"
"tcm02625","PPA_RS05235","TCMSP"
"tcm02625","PPP3CA","TCMSP"
"tcm02625","PPP3R1","TCMSP"
"tcm02625","PPT1","TCMSP"
"tcm02625","PRKACA","TCMSP"
"tcm02625","PTGS1","TCMSP"
"tcm02625","PTGS2","TCMSP"
"tcm02625","PVR","TCMSP"
"tcm02625","RCVRN","TCMSP"
"tcm02625","RHO","TCMSP"
"tcm02625","RXRA","TCMSP"
"tcm02625","RXRB","TCMSP"
"tcm02625","RXRG","TCMSP"
"tcm02625","S100B","TCMSP"
"tcm02625","SCN10A","TCMSP"
"tcm02625","SCN11A","TCMSP"
"tcm02625","SCN1A","TCMSP"
"tcm02625","SCN1B","TCMSP"
"tcm02625","SCN2A","TCMSP"
"tcm02625","SCN2B","TCMSP"
"tcm02625","SCN3A","TCMSP"
"tcm02625","SCN3B","TCMSP"
"tcm02625","SCN4A","TCMSP"
"tcm02625","SCN4B","TCMSP"
"tcm02625","SCN5A","TCMSP"
"tcm02625","SCN7A","TCMSP"
"tcm02625","SCN8A","TCMSP"
"tcm02625","SCN9A","TCMSP"
"tcm02625","SEC14L2","TCMSP"
"tcm02625","SLC8A1","TCMSP"
"tcm02625","SREBF1","TCMSP"
"tcm02625","TLR4","TCMSP"
"tcm02625","TM1468","TCMSP"
"tcm02625","TRAPPC3","TCMSP"
"tcm02625","TRPV1","TCMSP"
"tcm02625","VLDLR","TCMSP"
"tcm04750","ABL1","TCMSP"
"tcm04750","ACSL3","TCMSP"
"tcm04750","ACSL4","TCMSP"
"tcm04750","ADH5","TCMSP"
"tcm04750","ARF1","TCMSP"
"tcm04750","ARF6","TCMSP"
"tcm04750","C8G","TCMSP"
"tcm04750","CALM1","TCMSP"
"tcm04750","CNR1","TCMSP"
"tcm04750","CNR2","TCMSP"
"tcm04750","CYP2C8","TCMSP"
"tcm04750","ECI2","TCMSP"
"tcm04750","ELOVL4","TCMSP"
"tcm04750","FADS1","TCMSP"
"tcm04750","FADS2","TCMSP"
"tcm04750","FFAR1","TCMSP"
"tcm04750","FKBP1A","TCMSP"
"tcm04750","FURIN","TCMSP"
"tcm04750","GLTP","TCMSP"
"tcm04750","GM2A","TCMSP"
"tcm04750","GUCA1A","TCMSP"
"tcm04750","HNF4A","TCMSP"
"tcm04750","HNF4G","TCMSP"
"tcm04750","INS","TCMSP"
"tcm04750","LALBA","TCMSP"
"tcm04750","LIP3","TCMSP"
"tcm04750","LTB4R","TCMSP"
"tcm04750","LTB4R2","TCMSP"
"tcm04750","LTF","TCMSP"
"tcm04750","LY96","TCMSP"
"tcm04750","NCOA1","TCMSP"
"tcm04750","NR1H4","TCMSP"
"tcm04750","PAEP","TCMSP"
"tcm04750","PKIA","TCMSP"
"tcm04750","PLA2G1B","TCMSP"
"tcm04750","PLA2G2A","TCMSP"
"tcm04750","PLA2G2D","TCMSP"
"tcm04750","PLA2G2E","TCMSP"
"tcm04750","PMP2","TCMSP"
"tcm04750","PPARA","TCMSP"
"tcm04750","PPARD","TCMSP"
"tcm04750","PPARG","TCMSP"
"tcm04750","PPA_RS05235","TCMSP"
"tcm04750","PPP3CA","TCMSP"
"tcm04750","PPP3R1","TCMSP"
"tcm04750","PPT1","TCMSP"
"tcm04750","PRKACA","TCMSP"
"tcm04750","PTGS1","TCMSP"
"tcm04750","PTGS2","TCMSP"
"tcm04750","PVR","TCMSP"
"tcm04750","RCVRN","TCMSP"
"tcm04750","RHO","TCMSP"
"tcm04750","RXRA","TCMSP"
"tcm04750","RXRB","TCMSP"
"tcm04750","RXRG","TCMSP"
"tcm04750","S100B","TCMSP"
"tcm04750","SEC14L2","TCMSP"
"tcm04750","SLC8A1","TCMSP"
"tcm04750","SREBF1","TCMSP"
"tcm04750","TLR4","TCMSP"
"tcm04750","TM1468","TCMSP"
"tcm04750","TRAPPC3","TCMSP"
"tcm04750","TRPV1","TCMSP"
"tcm04750","VLDLR","TCMSP"
"tcm06627","BLLF1","TCMSP"
"tcm06627","FAAH","TCMSP"
"tcm06628","ABCB1","TCMSP"
"tcm06628","BIRC5","TCMSP"
"tcm06629","ACOT13","TCMSP"
"tcm06629","DBI","TCMSP"
"tcm06629","RHO","TCMSP"
"tcm02985","ANXA1","TCMSP"
"tcm02985","HSD11B2","TCMSP"
"tcm02985","HSD3B1","TCMSP"
"tcm02985","NR3C1","TCMSP"
"tcm02985","PRKCA","TCMSP"
"tcm02985","PRKCD","TCMSP"
"tcm06630","ANXA1","TCMSP"
"tcm06630","ATP1A1","TCMSP"
"tcm06630","ATP1A2","TCMSP"
"tcm06630","ATP1A3","TCMSP"
"tcm06630","CASP3","TCMSP"
"tcm06630","GABRB3","TCMSP"
"tcm06630","GLRA3","TCMSP"
"tcm06630","HSD11B1","TCMSP"
"tcm06630","HSD11B2","TCMSP"
"tcm06630","HSD3B1","TCMSP"
"tcm06630","IL1B","TCMSP"
"tcm06630","IL6","TCMSP"
"tcm06630","LPL","TCMSP"
"tcm06630","NFKB1","TCMSP"
"tcm06630","NFKB2","TCMSP"
"tcm06630","NR3C1","TCMSP"
"tcm06630","PPP1CC","TCMSP"
"tcm06630","SLCO1B3","TCMSP"
"tcm06630","TNF","TCMSP"
"tcm06630","VDR","TCMSP"
"tcm06630","YWHAE","TCMSP"
"tcm06631","AKR1C1","TCMSP"
"tcm06631","AKR1C2","TCMSP"
"tcm06631","AR","TCMSP"
"tcm06631","CLEC4E","TCMSP"
"tcm06631","CYP27B1","TCMSP"
"tcm06631","ESR1","TCMSP"
"tcm06631","ESR2","TCMSP"
"tcm06631","GABRA1","TCMSP"
"tcm06631","GABRA2","TCMSP"
"tcm06631","GABRA3","TCMSP"
"tcm06631","GABRA4","TCMSP"
"tcm06631","GABRA5","TCMSP"
"tcm06631","GABRA6","TCMSP"
"tcm06631","GABRB1","TCMSP"
"tcm06631","GABRB2","TCMSP"
"tcm06631","GABRB3","TCMSP"
"tcm06631","GABRD","TCMSP"
"tcm06631","GABRE","TCMSP"
"tcm06631","GABRG1","TCMSP"
"tcm06631","GABRG2","TCMSP"
"tcm06631","GABRG3","TCMSP"
"tcm06631","GABRP","TCMSP"
"tcm06631","GABRQ","TCMSP"
"tcm06631","GRIN1","TCMSP"
"tcm06631","GRIN2A","TCMSP"
"tcm06631","GRIN2B","TCMSP"
"tcm06631","GRIN2C","TCMSP"
"tcm06631","GRIN2D","TCMSP"
"tcm06631","GRIN3A","TCMSP"
"tcm06631","GRIN3B","TCMSP"
"tcm06631","HOXA10","TCMSP"
"tcm06631","HSD17B1","TCMSP"
"tcm06631","LIP3","TCMSP"
"tcm06631","LSS","TCMSP"
"tcm06631","MED1","TCMSP"
"tcm06631","NCOA2","TCMSP"
"tcm06631","NFKB1","TCMSP"
"tcm06631","NFKB2","TCMSP"
"tcm06631","NR1I2","TCMSP"
"tcm06631","NR1I3","TCMSP"
"tcm06631","NR3C1","TCMSP"
"tcm06631","NR3C2","TCMSP"
"tcm06631","PGR","TCMSP"
"tcm06631","PPARA","TCMSP"
"tcm06631","RORA","TCMSP"
"tcm06631","RXRA","TCMSP"
"tcm06631","SHBG","TCMSP"
"tcm06631","SIGMAR1","TCMSP"
"tcm06631","SRD5A1","TCMSP"
"tcm06631","SULT2A1","TCMSP"
"tcm06631","SULT2B1","TCMSP"
"tcm06631","VDR","TCMSP"
"tcm06632","AKR1C1","TCMSP"
"tcm06632","AKR1C2","TCMSP"
"tcm06632","AR","TCMSP"
"tcm06632","CLEC4E","TCMSP"
"tcm06632","CYP27B1","TCMSP"
"tcm06632","ESR1","TCMSP"
"tcm06632","ESR2","TCMSP"
"tcm06632","GABRA1","TCMSP"
"tcm06632","GABRA2","TCMSP"
"tcm06632","GABRA3","TCMSP"
"tcm06632","GABRA4","TCMSP"
"tcm06632","GABRA5","TCMSP"
"tcm06632","GABRA6","TCMSP"
"tcm06632","GABRB1","TCMSP"
"tcm06632","GABRB2","TCMSP"
"tcm06632","GABRB3","TCMSP"
"tcm06632","GABRD","TCMSP"
"tcm06632","GABRE","TCMSP"
"tcm06632","GABRG1","TCMSP"
"tcm06632","GABRG2","TCMSP"
"tcm06632","GABRG3","TCMSP"
"tcm06632","GABRP","TCMSP"
"tcm06632","GABRQ","TCMSP"
"tcm06632","GRIN1","TCMSP"
"tcm06632","GRIN2A","TCMSP"
"tcm06632","GRIN2B","TCMSP"
"tcm06632","GRIN2C","TCMSP"
"tcm06632","GRIN2D","TCMSP"
"tcm06632","GRIN3A","TCMSP"
"tcm06632","GRIN3B","TCMSP"
"tcm06632","HOXA10","TCMSP"
"tcm06632","HSD17B1","TCMSP"
"tcm06632","LSS","TCMSP"
"tcm06632","MED1","TCMSP"
"tcm06632","NCOA2","TCMSP"
"tcm06632","NFKB1","TCMSP"
"tcm06632","NFKB2","TCMSP"
"tcm06632","NR1I2","TCMSP"
"tcm06632","NR1I3","TCMSP"
"tcm06632","NR3C1","TCMSP"
"tcm06632","NR3C2","TCMSP"
"tcm06632","PGR","TCMSP"
"tcm06632","PPARA","TCMSP"
"tcm06632","RORA","TCMSP"
"tcm06632","RXRA","TCMSP"
"tcm06632","SHBG","TCMSP"
"tcm06632","SIGMAR1","TCMSP"
"tcm06632","SRD5A1","TCMSP"
"tcm06632","SULT2A1","TCMSP"
"tcm06632","SULT2B1","TCMSP"
"tcm06632","VDR","TCMSP"
"tcm06633","AKR1C1","TCMSP"
"tcm06633","AKR1C2","TCMSP"
"tcm06633","AR","TCMSP"
"tcm06633","CLEC4E","TCMSP"
"tcm06633","CYP27B1","TCMSP"
"tcm06633","ESR1","TCMSP"
"tcm06633","ESR2","TCMSP"
"tcm06633","GABRA1","TCMSP"
"tcm06633","GABRA2","TCMSP"
"tcm06633","GABRA3","TCMSP"
"tcm06633","GABRA4","TCMSP"
"tcm06633","GABRA5","TCMSP"
"tcm06633","GABRA6","TCMSP"
"tcm06633","GABRB1","TCMSP"
"tcm06633","GABRB2","TCMSP"
"tcm06633","GABRB3","TCMSP"
"tcm06633","GABRD","TCMSP"
"tcm06633","GABRE","TCMSP"
"tcm06633","GABRG1","TCMSP"
"tcm06633","GABRG2","TCMSP"
"tcm06633","GABRG3","TCMSP"
"tcm06633","GABRP","TCMSP"
"tcm06633","GABRQ","TCMSP"
"tcm06633","GRIN1","TCMSP"
"tcm06633","GRIN2A","TCMSP"
"tcm06633","GRIN2B","TCMSP"
"tcm06633","GRIN2C","TCMSP"
"tcm06633","GRIN2D","TCMSP"
"tcm06633","GRIN3A","TCMSP"
"tcm06633","GRIN3B","TCMSP"
"tcm06633","HOXA10","TCMSP"
"tcm06633","HSD17B1","TCMSP"
"tcm06633","LIP3","TCMSP"
"tcm06633","LSS","TCMSP"
"tcm06633","MED1","TCMSP"
"tcm06633","NCOA2","TCMSP"
"tcm06633","NFKB1","TCMSP"
"tcm06633","NFKB2","TCMSP"
"tcm06633","NR1I2","TCMSP"
"tcm06633","NR1I3","TCMSP"
"tcm06633","NR3C1","TCMSP"
"tcm06633","NR3C2","TCMSP"
"tcm06633","PGR","TCMSP"
"tcm06633","PPARA","TCMSP"
"tcm06633","RORA","TCMSP"
"tcm06633","RXRA","TCMSP"
"tcm06633","SHBG","TCMSP"
"tcm06633","SIGMAR1","TCMSP"
"tcm06633","SRD5A1","TCMSP"
"tcm06633","SULT2A1","TCMSP"
"tcm06633","SULT2B1","TCMSP"
"tcm06633","VDR","TCMSP"
"tcm06634","AKR1C1","TCMSP"
"tcm06634","AKR1C2","TCMSP"
"tcm06634","AR","TCMSP"
"tcm06634","CLEC4E","TCMSP"
"tcm06634","CYP27B1","TCMSP"
"tcm06634","ESR1","TCMSP"
"tcm06634","ESR2","TCMSP"
"tcm06634","GABRA1","TCMSP"
"tcm06634","GABRA2","TCMSP"
"tcm06634","GABRA3","TCMSP"
"tcm06634","GABRA4","TCMSP"
"tcm06634","GABRA5","TCMSP"
"tcm06634","GABRA6","TCMSP"
"tcm06634","GABRB1","TCMSP"
"tcm06634","GABRB2","TCMSP"
"tcm06634","GABRB3","TCMSP"
"tcm06634","GABRD","TCMSP"
"tcm06634","GABRE","TCMSP"
"tcm06634","GABRG1","TCMSP"
"tcm06634","GABRG2","TCMSP"
"tcm06634","GABRG3","TCMSP"
"tcm06634","GABRP","TCMSP"
"tcm06634","GABRQ","TCMSP"
"tcm06634","GRIN1","TCMSP"
"tcm06634","GRIN2A","TCMSP"
"tcm06634","GRIN2B","TCMSP"
"tcm06634","GRIN2C","TCMSP"
"tcm06634","GRIN2D","TCMSP"
"tcm06634","GRIN3A","TCMSP"
"tcm06634","GRIN3B","TCMSP"
"tcm06634","HOXA10","TCMSP"
"tcm06634","HSD17B1","TCMSP"
"tcm06634","LSS","TCMSP"
"tcm06634","MED1","TCMSP"
"tcm06634","NCOA2","TCMSP"
"tcm06634","NFKB1","TCMSP"
"tcm06634","NFKB2","TCMSP"
"tcm06634","NR1I2","TCMSP"
"tcm06634","NR1I3","TCMSP"
"tcm06634","NR3C1","TCMSP"
"tcm06634","NR3C2","TCMSP"
"tcm06634","PGR","TCMSP"
"tcm06634","PPARA","TCMSP"
"tcm06634","RORA","TCMSP"
"tcm06634","RXRA","TCMSP"
"tcm06634","SHBG","TCMSP"
"tcm06634","SIGMAR1","TCMSP"
"tcm06634","SRD5A1","TCMSP"
"tcm06634","SULT2A1","TCMSP"
"tcm06634","SULT2B1","TCMSP"
"tcm06634","VDR","TCMSP"
"tcm06635","ANXA1","TCMSP"
"tcm06635","ATP1A1","TCMSP"
"tcm06635","ATP1A2","TCMSP"
"tcm06635","ATP1A3","TCMSP"
"tcm06635","CASP3","TCMSP"
"tcm06635","GABRB3","TCMSP"
"tcm06635","GLRA3","TCMSP"
"tcm06635","HSD11B1","TCMSP"
"tcm06635","HSD11B2","TCMSP"
"tcm06635","HSD3B1","TCMSP"
"tcm06635","LPL","TCMSP"
"tcm06635","NFKB1","TCMSP"
"tcm06635","NFKB2","TCMSP"
"tcm06635","NR3C1","TCMSP"
"tcm06635","PPP1CC","TCMSP"
"tcm06635","SLCO1B3","TCMSP"
"tcm06635","TNF","TCMSP"
"tcm06635","VDR","TCMSP"
"tcm06635","YWHAE","TCMSP"
"tcm01204","ADH1C","TCMSP"
"tcm01204","AKR1C1","TCMSP"
"tcm01204","AKR1C2","TCMSP"
"tcm01204","AR","TCMSP"
"tcm01204","CES1","TCMSP"
"tcm01204","CLEC4E","TCMSP"
"tcm01204","COX4I1","TCMSP"
"tcm01204","COX5A","TCMSP"
"tcm01204","COX5B","TCMSP"
"tcm01204","COX6A2","TCMSP"
"tcm01204","COX6B1","TCMSP"
"tcm01204","COX6C","TCMSP"
"tcm01204","COX7A1","TCMSP"
"tcm01204","COX7B","TCMSP"
"tcm01204","COX7C","TCMSP"
"tcm01204","COX8A","TCMSP"
"tcm01204","EFTUD1","TCMSP"
"tcm01204","ESR1","TCMSP"
"tcm01204","ESR2","TCMSP"
"tcm01204","ESRRG","TCMSP"
"tcm01204","FABP6","TCMSP"
"tcm01204","FECH","TCMSP"
"tcm01204","GABRA1","TCMSP"
"tcm01204","GABRA2","TCMSP"
"tcm01204","GABRA3","TCMSP"
"tcm01204","GABRA4","TCMSP"
"tcm01204","GABRA5","TCMSP"
"tcm01204","GABRA6","TCMSP"
"tcm01204","GABRB1","TCMSP"
"tcm01204","GABRB2","TCMSP"
"tcm01204","GABRB3","TCMSP"
"tcm01204","GABRD","TCMSP"
"tcm01204","GABRE","TCMSP"
"tcm01204","GABRG1","TCMSP"
"tcm01204","GABRG2","TCMSP"
"tcm01204","GABRG3","TCMSP"
"tcm01204","GABRP","TCMSP"
"tcm01204","GABRQ","TCMSP"
"tcm01204","GPBAR1","TCMSP"
"tcm01204","GRIN1","TCMSP"
"tcm01204","GRIN2A","TCMSP"
"tcm01204","GRIN2B","TCMSP"
"tcm01204","GRIN2C","TCMSP"
"tcm01204","GRIN2D","TCMSP"
"tcm01204","GRIN3A","TCMSP"
"tcm01204","GRIN3B","TCMSP"
"tcm01204","GSTP1","TCMSP"
"tcm01204","HOXA10","TCMSP"
"tcm01204","HSD11B1","TCMSP"
"tcm01204","HSD11B2","TCMSP"
"tcm01204","HSD17B1","TCMSP"
"tcm01204","IGHG2","TCMSP"
"tcm01204","LSS","TCMSP"
"tcm01204","MT-CO1","TCMSP"
"tcm01204","MT-CO2","TCMSP"
"tcm01204","MT-CO3","TCMSP"
"tcm01204","NCOA2","TCMSP"
"tcm01204","NFKB1","TCMSP"
"tcm01204","NFKB2","TCMSP"
"tcm01204","NPPB","TCMSP"
"tcm01204","NR1H4","TCMSP"
"tcm01204","NR1I2","TCMSP"
"tcm01204","NR1I3","TCMSP"
"tcm01204","NR3C1","TCMSP"
"tcm01204","NR3C2","TCMSP"
"tcm01204","PGR","TCMSP"
"tcm01204","PLA2G1B","TCMSP"
"tcm01204","PPARA","TCMSP"
"tcm01204","PRLR","TCMSP"
"tcm01204","RORA","TCMSP"
"tcm01204","SHBG","TCMSP"
"tcm01204","SIGMAR1","TCMSP"
"tcm01204","SULT2A1","TCMSP"
"tcm01204","SULT2B1","TCMSP"
"tcm01204","VDR","TCMSP"
"tcm01232","AKR1C1","TCMSP"
"tcm01232","AKR1C2","TCMSP"
"tcm01232","AR","TCMSP"
"tcm01232","CLEC4E","TCMSP"
"tcm01232","CYP27B1","TCMSP"
"tcm01232","ESR1","TCMSP"
"tcm01232","ESR2","TCMSP"
"tcm01232","GABRA1","TCMSP"
"tcm01232","GABRA2","TCMSP"
"tcm01232","GABRA3","TCMSP"
"tcm01232","GABRA4","TCMSP"
"tcm01232","GABRA5","TCMSP"
"tcm01232","GABRA6","TCMSP"
"tcm01232","GABRB1","TCMSP"
"tcm01232","GABRB2","TCMSP"
"tcm01232","GABRB3","TCMSP"
"tcm01232","GABRD","TCMSP"
"tcm01232","GABRE","TCMSP"
"tcm01232","GABRG1","TCMSP"
"tcm01232","GABRG2","TCMSP"
"tcm01232","GABRG3","TCMSP"
"tcm01232","GABRP","TCMSP"
"tcm01232","GABRQ","TCMSP"
"tcm01232","GRIN1","TCMSP"
"tcm01232","GRIN2A","TCMSP"
"tcm01232","GRIN2B","TCMSP"
"tcm01232","GRIN2C","TCMSP"
"tcm01232","GRIN2D","TCMSP"
"tcm01232","GRIN3A","TCMSP"
"tcm01232","GRIN3B","TCMSP"
"tcm01232","HOXA10","TCMSP"
"tcm01232","HSD17B1","TCMSP"
"tcm01232","IGHG2","TCMSP"
"tcm01232","LSS","TCMSP"
"tcm01232","NCOA2","TCMSP"
"tcm01232","NR1I2","TCMSP"
"tcm01232","NR1I3","TCMSP"
"tcm01232","NR3C1","TCMSP"
"tcm01232","NR3C2","TCMSP"
"tcm01232","PGR","TCMSP"
"tcm01232","PPARA","TCMSP"
"tcm01232","RORA","TCMSP"
"tcm01232","RXRA","TCMSP"
"tcm01232","SIGMAR1","TCMSP"
"tcm01232","SULT2A1","TCMSP"
"tcm01232","SULT2B1","TCMSP"
"tcm01232","VDR","TCMSP"
"tcm06636","AR","TCMSP"
"tcm06636","ESR1","TCMSP"
"tcm06636","ESR2","TCMSP"
"tcm06636","IGHG2","TCMSP"
"tcm06636","NR3C1","TCMSP"
"tcm06636","NR3C2","TCMSP"
"tcm06636","PGR","TCMSP"
"tcm06636","SHBG","TCMSP"
"tcm06591","ANXA1","TCMSP"
"tcm06591","AR","TCMSP"
"tcm06591","ATP1A1","TCMSP"
"tcm06591","GABRB3","TCMSP"
"tcm06591","GLRA3","TCMSP"
"tcm06591","HDAC2","TCMSP"
"tcm06591","HMGCR","TCMSP"
"tcm06591","HSD11B1","TCMSP"
"tcm06591","HSD11B2","TCMSP"
"tcm06591","HSD3B1","TCMSP"
"tcm06591","IGHG2","TCMSP"
"tcm06591","IL1B","TCMSP"
"tcm06591","IL6","TCMSP"
"tcm06591","NCOA1","TCMSP"
"tcm06591","NFKB1","TCMSP"
"tcm06591","NFKB2","TCMSP"
"tcm06591","NOS2","TCMSP"
"tcm06591","NR0B1","TCMSP"
"tcm06591","NR1I2","TCMSP"
"tcm06591","NR3C1","TCMSP"
"tcm06591","NR3C2","TCMSP"
"tcm06591","PRKCD","TCMSP"
"tcm06591","SLCO1B3","TCMSP"
"tcm06591","TNF","TCMSP"
"tcm06591","VDR","TCMSP"
"tcm06591","YWHAE","TCMSP"
"tcm06637","ANXA1","TCMSP"
"tcm06637","HSD11B1","TCMSP"
"tcm06637","HSD11B2","TCMSP"
"tcm06637","HSD3B1","TCMSP"
"tcm06637","IGHG2","TCMSP"
"tcm06637","NR3C1","TCMSP"
"tcm06637","NR3C2","TCMSP"
"tcm06638","IGHG1","TCMSP"
"tcm06638","LCN2","TCMSP"
"tcm05537","ABCB1","TCMSP"
"tcm05537","ACHE","TCMSP"
"tcm05537","CHRM2","TCMSP"
"tcm05537","CHRNA2","TCMSP"
"tcm05537","CHRNA7","TCMSP"
"tcm05537","HTR3A","TCMSP"
"tcm06639","ACOT13","TCMSP"
"tcm06639","DBI","TCMSP"
"tcm06639","RHO","TCMSP"
"tcm06640","IGKC","TCMSP"
"tcm06641","ANXA1","TCMSP"
"tcm06641","ATP1A1","TCMSP"
"tcm06641","ATP1A2","TCMSP"
"tcm06641","ATP1A3","TCMSP"
"tcm06641","CASP3","TCMSP"
"tcm06641","GABRB3","TCMSP"
"tcm06641","GLRA3","TCMSP"
"tcm06641","HSD11B1","TCMSP"
"tcm06641","HSD11B2","TCMSP"
"tcm06641","HSD3B1","TCMSP"
"tcm06641","LPL","TCMSP"
"tcm06641","NFKB1","TCMSP"
"tcm06641","NFKB2","TCMSP"
"tcm06641","NR3C1","TCMSP"
"tcm06641","PPP1CC","TCMSP"
"tcm06641","SLCO1B3","TCMSP"
"tcm06641","TNF","TCMSP"
"tcm06641","VDR","TCMSP"
"tcm06641","YWHAE","TCMSP"
"tcm06642","ABL1","TCMSP"
"tcm06642","ACSL3","TCMSP"
"tcm06642","ACSL4","TCMSP"
"tcm06642","ADH5","TCMSP"
"tcm06642","ARF1","TCMSP"
"tcm06642","ARF6","TCMSP"
"tcm06642","C8G","TCMSP"
"tcm06642","CALM1","TCMSP"
"tcm06642","CNR1","TCMSP"
"tcm06642","CNR2","TCMSP"
"tcm06642","CYP2C8","TCMSP"
"tcm06642","ECI2","TCMSP"
"tcm06642","ELOVL4","TCMSP"
"tcm06642","FADS1","TCMSP"
"tcm06642","FADS2","TCMSP"
"tcm06642","FFAR1","TCMSP"
"tcm06642","FKBP1A","TCMSP"
"tcm06642","FURIN","TCMSP"
"tcm06642","GLTP","TCMSP"
"tcm06642","GM2A","TCMSP"
"tcm06642","GUCA1A","TCMSP"
"tcm06642","HNF4A","TCMSP"
"tcm06642","HNF4G","TCMSP"
"tcm06642","INS","TCMSP"
"tcm06642","LALBA","TCMSP"
"tcm06642","LIP3","TCMSP"
"tcm06642","LTB4R","TCMSP"
"tcm06642","LTB4R2","TCMSP"
"tcm06642","LTF","TCMSP"
"tcm06642","LY96","TCMSP"
"tcm06642","NCOA1","TCMSP"
"tcm06642","NR1H4","TCMSP"
"tcm06642","PAEP","TCMSP"
"tcm06642","PKIA","TCMSP"
"tcm06642","PLA2G1B","TCMSP"
"tcm06642","PLA2G2A","TCMSP"
"tcm06642","PLA2G2D","TCMSP"
"tcm06642","PLA2G2E","TCMSP"
"tcm06642","PMP2","TCMSP"
"tcm06642","PPARA","TCMSP"
"tcm06642","PPARD","TCMSP"
"tcm06642","PPARG","TCMSP"
"tcm06642","PPA_RS05235","TCMSP"
"tcm06642","PPP3CA","TCMSP"
"tcm06642","PPP3R1","TCMSP"
"tcm06642","PPT1","TCMSP"
"tcm06642","PRKACA","TCMSP"
"tcm06642","PTGS1","TCMSP"
"tcm06642","PTGS2","TCMSP"
"tcm06642","PVR","TCMSP"
"tcm06642","RCVRN","TCMSP"
"tcm06642","RHO","TCMSP"
"tcm06642","RXRA","TCMSP"
"tcm06642","RXRB","TCMSP"
"tcm06642","RXRG","TCMSP"
"tcm06642","S100B","TCMSP"
"tcm06642","SEC14L2","TCMSP"
"tcm06642","SLC8A1","TCMSP"
"tcm06642","SREBF1","TCMSP"
"tcm06642","TLR4","TCMSP"
"tcm06642","TM1468","TCMSP"
"tcm06642","TRAPPC3","TCMSP"
"tcm06642","TRPV1","TCMSP"
"tcm06642","VLDLR","TCMSP"
"tcm06643","ABO","TCMSP"
"tcm06643","ATP1A1","TCMSP"
"tcm06643","ATP1A2","TCMSP"
"tcm06643","ATP1A3","TCMSP"
"tcm06643","IL1B","TCMSP"
"tcm06643","IL6","TCMSP"
"tcm06643","NFKB1","TCMSP"
"tcm06643","NFKB2","TCMSP"
"tcm06643","PPP1CC","TCMSP"
"tcm06643","RARG","TCMSP"
"tcm06643","SERPINA1","TCMSP"
"tcm06643","SLCO1B3","TCMSP"
"tcm06643","TNF","TCMSP"
"tcm06644","AKR1C1","TCMSP"
"tcm06644","AKR1C2","TCMSP"
"tcm06644","AR","TCMSP"
"tcm06644","CLEC4E","TCMSP"
"tcm06644","ESR1","TCMSP"
"tcm06644","ESR2","TCMSP"
"tcm06644","GABRA1","TCMSP"
"tcm06644","GABRA2","TCMSP"
"tcm06644","GABRA3","TCMSP"
"tcm06644","GABRA4","TCMSP"
"tcm06644","GABRA5","TCMSP"
"tcm06644","GABRA6","TCMSP"
"tcm06644","GABRB1","TCMSP"
"tcm06644","GABRB2","TCMSP"
"tcm06644","GABRB3","TCMSP"
"tcm06644","GABRD","TCMSP"
"tcm06644","GABRE","TCMSP"
"tcm06644","GABRG1","TCMSP"
"tcm06644","GABRG2","TCMSP"
"tcm06644","GABRG3","TCMSP"
"tcm06644","GABRP","TCMSP"
"tcm06644","GABRQ","TCMSP"
"tcm06644","GRIN1","TCMSP"
"tcm06644","GRIN2A","TCMSP"
"tcm06644","GRIN2B","TCMSP"
"tcm06644","GRIN2C","TCMSP"
"tcm06644","GRIN2D","TCMSP"
"tcm06644","GRIN3A","TCMSP"
"tcm06644","GRIN3B","TCMSP"
"tcm06644","HSD17B1","TCMSP"
"tcm06644","LSS","TCMSP"
"tcm06644","MED1","TCMSP"
"tcm06644","NCOA2","TCMSP"
"tcm06644","NR1I2","TCMSP"
"tcm06644","NR1I3","TCMSP"
"tcm06644","NR3C1","TCMSP"
"tcm06644","NR3C2","TCMSP"
"tcm06644","PGR","TCMSP"
"tcm06644","PPARA","TCMSP"
"tcm06644","RORA","TCMSP"
"tcm06644","SIGMAR1","TCMSP"
"tcm06644","SULT2A1","TCMSP"
"tcm06644","SULT2B1","TCMSP"
"tcm06644","VDR","TCMSP"
"tcm06645","ANXA1","TCMSP"
"tcm06645","AR","TCMSP"
"tcm06645","ESR1","TCMSP"
"tcm06645","HDAC2","TCMSP"
"tcm06645","HOXA10","TCMSP"
"tcm06645","HSD11B1","TCMSP"
"tcm06645","HSD11B2","TCMSP"
"tcm06645","HSD3B1","TCMSP"
"tcm06645","LSS","TCMSP"
"tcm06645","NCOA1","TCMSP"
"tcm06645","NPPB","TCMSP"
"tcm06645","NR3C1","TCMSP"
"tcm06645","NR3C2","TCMSP"
"tcm06645","VDR","TCMSP"
"tcm06646","AKR1C1","TCMSP"
"tcm06646","AKR1C2","TCMSP"
"tcm06646","AKR1D1","TCMSP"
"tcm06646","ALOX5","TCMSP"
"tcm06646","AR","TCMSP"
"tcm06646","CLEC4E","TCMSP"
"tcm06646","ESR1","TCMSP"
"tcm06646","ESR2","TCMSP"
"tcm06646","GABRA1","TCMSP"
"tcm06646","GABRA2","TCMSP"
"tcm06646","GABRA3","TCMSP"
"tcm06646","GABRA4","TCMSP"
"tcm06646","GABRA5","TCMSP"
"tcm06646","GABRA6","TCMSP"
"tcm06646","GABRB1","TCMSP"
"tcm06646","GABRB2","TCMSP"
"tcm06646","GABRB3","TCMSP"
"tcm06646","GABRD","TCMSP"
"tcm06646","GABRE","TCMSP"
"tcm06646","GABRG1","TCMSP"
"tcm06646","GABRG2","TCMSP"
"tcm06646","GABRG3","TCMSP"
"tcm06646","GABRP","TCMSP"
"tcm06646","GABRQ","TCMSP"
"tcm06646","GRIN1","TCMSP"
"tcm06646","GRIN2A","TCMSP"
"tcm06646","GRIN2B","TCMSP"
"tcm06646","GRIN2C","TCMSP"
"tcm06646","GRIN2D","TCMSP"
"tcm06646","GRIN3A","TCMSP"
"tcm06646","GRIN3B","TCMSP"
"tcm06646","HSD11B1","TCMSP"
"tcm06646","HSD11B2","TCMSP"
"tcm06646","HSD17B1","TCMSP"
"tcm06646","HSD17B11","TCMSP"
"tcm06646","IGHG2","TCMSP"
"tcm06646","LSS","TCMSP"
"tcm06646","NCOA2","TCMSP"
"tcm06646","NFKB1","TCMSP"
"tcm06646","NFKB2","TCMSP"
"tcm06646","NPPB","TCMSP"
"tcm06646","NR1I2","TCMSP"
"tcm06646","NR1I3","TCMSP"
"tcm06646","NR3C1","TCMSP"
"tcm06646","NR3C2","TCMSP"
"tcm06646","PGR","TCMSP"
"tcm06646","PPARA","TCMSP"
"tcm06646","PRLR","TCMSP"
"tcm06646","PTGS1","TCMSP"
"tcm06646","RORA","TCMSP"
"tcm06646","SHBG","TCMSP"
"tcm06646","SIGMAR1","TCMSP"
"tcm06646","SULT2A1","TCMSP"
"tcm06646","SULT2B1","TCMSP"
"tcm06646","VDR","TCMSP"
"tcm06647","ADH1C","TCMSP"
"tcm06647","AKR1C1","TCMSP"
"tcm06647","AKR1C2","TCMSP"
"tcm06647","AR","TCMSP"
"tcm06647","CES1","TCMSP"
"tcm06647","CLEC4E","TCMSP"
"tcm06647","COX4I1","TCMSP"
"tcm06647","COX5A","TCMSP"
"tcm06647","COX5B","TCMSP"
"tcm06647","COX6A2","TCMSP"
"tcm06647","COX6B1","TCMSP"
"tcm06647","COX6C","TCMSP"
"tcm06647","COX7A1","TCMSP"
"tcm06647","COX7B","TCMSP"
"tcm06647","COX7C","TCMSP"
"tcm06647","COX8A","TCMSP"
"tcm06647","EFTUD1","TCMSP"
"tcm06647","ESR1","TCMSP"
"tcm06647","ESR2","TCMSP"
"tcm06647","ESRRG","TCMSP"
"tcm06647","FABP6","TCMSP"
"tcm06647","FECH","TCMSP"
"tcm06647","GABRA1","TCMSP"
"tcm06647","GABRA2","TCMSP"
"tcm06647","GABRA3","TCMSP"
"tcm06647","GABRA4","TCMSP"
"tcm06647","GABRA5","TCMSP"
"tcm06647","GABRA6","TCMSP"
"tcm06647","GABRB1","TCMSP"
"tcm06647","GABRB2","TCMSP"
"tcm06647","GABRB3","TCMSP"
"tcm06647","GABRD","TCMSP"
"tcm06647","GABRE","TCMSP"
"tcm06647","GABRG1","TCMSP"
"tcm06647","GABRG2","TCMSP"
"tcm06647","GABRG3","TCMSP"
"tcm06647","GABRP","TCMSP"
"tcm06647","GABRQ","TCMSP"
"tcm06647","GPBAR1","TCMSP"
"tcm06647","GRIN1","TCMSP"
"tcm06647","GRIN2A","TCMSP"
"tcm06647","GRIN2B","TCMSP"
"tcm06647","GRIN2C","TCMSP"
"tcm06647","GRIN2D","TCMSP"
"tcm06647","GRIN3A","TCMSP"
"tcm06647","GRIN3B","TCMSP"
"tcm06647","GSTP1","TCMSP"
"tcm06647","HOXA10","TCMSP"
"tcm06647","HSD11B1","TCMSP"
"tcm06647","HSD11B2","TCMSP"
"tcm06647","HSD17B1","TCMSP"
"tcm06647","IGHG2","TCMSP"
"tcm06647","LSS","TCMSP"
"tcm06647","MT-CO1","TCMSP"
"tcm06647","MT-CO2","TCMSP"
"tcm06647","MT-CO3","TCMSP"
"tcm06647","NCOA2","TCMSP"
"tcm06647","NFKB1","TCMSP"
"tcm06647","NFKB2","TCMSP"
"tcm06647","NPPB","TCMSP"
"tcm06647","NR1H4","TCMSP"
"tcm06647","NR1I2","TCMSP"
"tcm06647","NR1I3","TCMSP"
"tcm06647","NR3C1","TCMSP"
"tcm06647","NR3C2","TCMSP"
"tcm06647","PGR","TCMSP"
"tcm06647","PLA2G1B","TCMSP"
"tcm06647","PPARA","TCMSP"
"tcm06647","PRLR","TCMSP"
"tcm06647","RORA","TCMSP"
"tcm06647","SHBG","TCMSP"
"tcm06647","SIGMAR1","TCMSP"
"tcm06647","SULT2A1","TCMSP"
"tcm06647","SULT2B1","TCMSP"
"tcm06647","VDR","TCMSP"
"tcm06648","ANXA1","TCMSP"
"tcm06648","CASP3","TCMSP"
"tcm06648","HSD11B1","TCMSP"
"tcm06648","HSD11B2","TCMSP"
"tcm06648","HSD3B1","TCMSP"
"tcm06648","LPL","TCMSP"
"tcm06648","NFKB1","TCMSP"
"tcm06648","NFKB2","TCMSP"
"tcm06648","NR3C1","TCMSP"
"tcm06648","TNF","TCMSP"
"tcm06649","IGHG1","TCMSP"
"tcm06649","LCN2","TCMSP"
"tcm06624","AR","TCMSP"
"tcm06624","CLEC4E","TCMSP"
"tcm06624","ESR1","TCMSP"
"tcm06624","HSD11B1","TCMSP"
"tcm06624","LSS","TCMSP"
"tcm06624","NCOA1","TCMSP"
"tcm06624","NR1I3","TCMSP"
"tcm06624","NR3C1","TCMSP"
"tcm06624","NR3C2","TCMSP"
"tcm06624","RORA","TCMSP"
"tcm06624","VDR","TCMSP"
"tcm06650","ABAT","TCMSP"
"tcm06650","ABL1","TCMSP"
"tcm06650","ACADSB","TCMSP"
"tcm06650","ACOX1","TCMSP"
"tcm06650","ACSL3","TCMSP"
"tcm06650","ACSL4","TCMSP"
"tcm06650","ADH5","TCMSP"
"tcm06650","ALDH5A1","TCMSP"
"tcm06650","ARF1","TCMSP"
"tcm06650","ARF6","TCMSP"
"tcm06650","C8G","TCMSP"
"tcm06650","CALM1","TCMSP"
"tcm06650","CNR1","TCMSP"
"tcm06650","CNR2","TCMSP"
"tcm06650","CYP2C8","TCMSP"
"tcm06650","ECI2","TCMSP"
"tcm06650","ELOVL4","TCMSP"
"tcm06650","FADS1","TCMSP"
"tcm06650","FADS2","TCMSP"
"tcm06650","FFAR1","TCMSP"
"tcm06650","FKBP1A","TCMSP"
"tcm06650","FURIN","TCMSP"
"tcm06650","GLTP","TCMSP"
"tcm06650","GM2A","TCMSP"
"tcm06650","GUCA1A","TCMSP"
"tcm06650","HAO1","TCMSP"
"tcm06650","HDAC2","TCMSP"
"tcm06650","HDAC9","TCMSP"
"tcm06650","HNF4A","TCMSP"
"tcm06650","HNF4G","TCMSP"
"tcm06650","INS","TCMSP"
"tcm06650","LALBA","TCMSP"
"tcm06650","LIP3","TCMSP"
"tcm06650","LTB4R","TCMSP"
"tcm06650","LTB4R2","TCMSP"
"tcm06650","LTF","TCMSP"
"tcm06650","LY96","TCMSP"
"tcm06650","NCOA1","TCMSP"
"tcm06650","NR1H4","TCMSP"
"tcm06650","OGDH","TCMSP"
"tcm06650","PAEP","TCMSP"
"tcm06650","PKIA","TCMSP"
"tcm06650","PLA2G1B","TCMSP"
"tcm06650","PLA2G2A","TCMSP"
"tcm06650","PLA2G2D","TCMSP"
"tcm06650","PLA2G2E","TCMSP"
"tcm06650","PMP2","TCMSP"
"tcm06650","PPARA","TCMSP"
"tcm06650","PPARD","TCMSP"
"tcm06650","PPARG","TCMSP"
"tcm06650","PPA_RS05235","TCMSP"
"tcm06650","PPP3CA","TCMSP"
"tcm06650","PPP3R1","TCMSP"
"tcm06650","PPT1","TCMSP"
"tcm06650","PRKACA","TCMSP"
"tcm06650","PTGS1","TCMSP"
"tcm06650","PTGS2","TCMSP"
"tcm06650","PVR","TCMSP"
"tcm06650","RCVRN","TCMSP"
"tcm06650","RHO","TCMSP"
"tcm06650","RXRA","TCMSP"
"tcm06650","RXRB","TCMSP"
"tcm06650","RXRG","TCMSP"
"tcm06650","S100B","TCMSP"
"tcm06650","SCN10A","TCMSP"
"tcm06650","SCN11A","TCMSP"
"tcm06650","SCN1A","TCMSP"
"tcm06650","SCN1B","TCMSP"
"tcm06650","SCN2A","TCMSP"
"tcm06650","SCN2B","TCMSP"
"tcm06650","SCN3A","TCMSP"
"tcm06650","SCN3B","TCMSP"
"tcm06650","SCN4A","TCMSP"
"tcm06650","SCN4B","TCMSP"
"tcm06650","SCN5A","TCMSP"
"tcm06650","SCN7A","TCMSP"
"tcm06650","SCN8A","TCMSP"
"tcm06650","SCN9A","TCMSP"
"tcm06650","SEC14L2","TCMSP"
"tcm06650","SLC8A1","TCMSP"
"tcm06650","SREBF1","TCMSP"
"tcm06650","TLR4","TCMSP"
"tcm06650","TM1468","TCMSP"
"tcm06650","TRAPPC3","TCMSP"
"tcm06650","TRPV1","TCMSP"
"tcm06650","VLDLR","TCMSP"
"tcm06651","IGHG1","TCMSP"
"tcm06651","LCN2","TCMSP"
"tcm06652","S100B","TCMSP"
"tcm00357","MAOB","TCMSP"
"tcm00357","NR1H4","TCMSP"
"tcm06653","DBI","TCMSP"
"tcm06653","RHO","TCMSP"
"tcm06654","ABL1","TCMSP"
"tcm06654","ACSL3","TCMSP"
"tcm06654","ACSL4","TCMSP"
"tcm06654","ADH5","TCMSP"
"tcm06654","ARF1","TCMSP"
"tcm06654","ARF6","TCMSP"
"tcm06654","C8G","TCMSP"
"tcm06654","CALM1","TCMSP"
"tcm06654","CNR1","TCMSP"
"tcm06654","CNR2","TCMSP"
"tcm06654","CYP2C8","TCMSP"
"tcm06654","ECI2","TCMSP"
"tcm06654","ELOVL4","TCMSP"
"tcm06654","FADS1","TCMSP"
"tcm06654","FADS2","TCMSP"
"tcm06654","FFAR1","TCMSP"
"tcm06654","FKBP1A","TCMSP"
"tcm06654","FURIN","TCMSP"
"tcm06654","GLTP","TCMSP"
"tcm06654","GM2A","TCMSP"
"tcm06654","GUCA1A","TCMSP"
"tcm06654","HNF4A","TCMSP"
"tcm06654","HNF4G","TCMSP"
"tcm06654","INS","TCMSP"
"tcm06654","LALBA","TCMSP"
"tcm06654","LIP3","TCMSP"
"tcm06654","LTB4R","TCMSP"
"tcm06654","LTB4R2","TCMSP"
"tcm06654","LTF","TCMSP"
"tcm06654","LY96","TCMSP"
"tcm06654","NCOA1","TCMSP"
"tcm06654","NR1H4","TCMSP"
"tcm06654","PAEP","TCMSP"
"tcm06654","PKIA","TCMSP"
"tcm06654","PLA2G1B","TCMSP"
"tcm06654","PLA2G2A","TCMSP"
"tcm06654","PLA2G2D","TCMSP"
"tcm06654","PLA2G2E","TCMSP"
"tcm06654","PMP2","TCMSP"
"tcm06654","PPARA","TCMSP"
"tcm06654","PPARD","TCMSP"
"tcm06654","PPARG","TCMSP"
"tcm06654","PPA_RS05235","TCMSP"
"tcm06654","PPP3CA","TCMSP"
"tcm06654","PPP3R1","TCMSP"
"tcm06654","PPT1","TCMSP"
"tcm06654","PRKACA","TCMSP"
"tcm06654","PTGS1","TCMSP"
"tcm06654","PTGS2","TCMSP"
"tcm06654","PVR","TCMSP"
"tcm06654","RCVRN","TCMSP"
"tcm06654","RHO","TCMSP"
"tcm06654","RXRA","TCMSP"
"tcm06654","RXRB","TCMSP"
"tcm06654","RXRG","TCMSP"
"tcm06654","SEC14L2","TCMSP"
"tcm06654","SLC8A1","TCMSP"
"tcm06654","SREBF1","TCMSP"
"tcm06654","TLR4","TCMSP"
"tcm06654","TM1468","TCMSP"
"tcm06654","TRAPPC3","TCMSP"
"tcm06654","TRPV1","TCMSP"
"tcm06654","VLDLR","TCMSP"
"tcm06655","ABCC5","TCMSP"
"tcm06655","AKR1C1","TCMSP"
"tcm06655","CBR1","TCMSP"
"tcm06655","EDNRA","TCMSP"
"tcm06655","GLO1","TCMSP"
"tcm06655","GSTP1","TCMSP"
"tcm06655","HSPA5","TCMSP"
"tcm06655","IKBKB","TCMSP"
"tcm06655","NFKB1","TCMSP"
"tcm06655","NFKB2","TCMSP"
"tcm06655","NFKBIA","TCMSP"
"tcm06655","PPARG","TCMSP"
"tcm06655","PRKAA1","TCMSP"
"tcm06655","PRKAA2","TCMSP"
"tcm06655","PRKAB1","TCMSP"
"tcm06655","PRKAB2","TCMSP"
"tcm06655","PRKAG1","TCMSP"
"tcm06655","PRKAG2","TCMSP"
"tcm06655","PRKAG3","TCMSP"
"tcm06655","PTGS1","TCMSP"
"tcm06655","PTGS2","TCMSP"
"tcm06655","RPS6KA3","TCMSP"
"tcm06655","SHBG","TCMSP"
"tcm06655","TP53","TCMSP"
"tcm06655","VDR","TCMSP"
"tcm09919","D1R","TCMSP"
"tcm09919","DRD1","TCMSP"
"tcm09919","CHRM3","TCMSP"
"tcm09919","F2","TCMSP"
"tcm09919","CHRM1","TCMSP"
"tcm09919","CHRM5","TCMSP"
"tcm09919","PTGS2","TCMSP"
"tcm09919","CA2","TCMSP"
"tcm09919","CHRM4","TCMSP"
"tcm09919","RXRA","TCMSP"
"tcm09919","OPRD1","TCMSP"
"tcm09919","ACHE","TCMSP"
"tcm09919","PDE3A","TCMSP"
"tcm09919","HTR2A","TCMSP"
"tcm09919","SLC6A2","TCMSP"
"tcm09919","ADRA1A","TCMSP"
"tcm09919","HTR2C","TCMSP"
"tcm09919","PGR","TCMSP"
"tcm09919","PR","TCMSP"
"tcm09919","CHRM2","TCMSP"
"tcm09919","OPRK1","TCMSP"
"tcm09919","SLC6A3","TCMSP"
"tcm09919","ADRB2","TCMSP"
"tcm09919","ADRA1D","TCMSP"
"tcm09919","SLC6A4","TCMSP"
"tcm09919","DRD2","TCMSP"
"tcm09919","OPRM1","TCMSP"
"tcm01846","NCOA2","TCMSP"
"tcm00475","PGR","TCMSP"
"tcm00475","PR","TCMSP"
"tcm00475","NCOA2","TCMSP"
"tcm00475","NR3C2","TCMSP"
"tcm00475","MR","TCMSP"
"tcm00252","PGR","TCMSP"
"tcm00252","PR","TCMSP"
"tcm00252","NR3C2","TCMSP"
"tcm00252","MR","TCMSP"
"tcm00252","NCOA2","TCMSP"
"tcm00252","ADH1C","TCMSP"
"tcm00252","IGHG1","TCMSP"
"tcm00252","RXRA","TCMSP"
"tcm00252","NCOA1","TCMSP"
"tcm00252","PTGS1","TCMSP"
"tcm00252","PTGS2","TCMSP"
"tcm00252","ADRA2A","TCMSP"
"tcm00252","SLC6A2","TCMSP"
"tcm00252","SLC6A3","TCMSP"
"tcm00252","ADRB2","TCMSP"
"tcm00252","AKR1B1","TCMSP"
"tcm00252","PLAU","TCMSP"
"tcm00252","LTA4H","TCMSP"
"tcm00252","MAOB","TCMSP"
"tcm00252","MAOA","TCMSP"
"tcm00252","PRKACA","TCMSP"
"tcm00252","CTRB1","TCMSP"
"tcm00252","CHRM3","TCMSP"
"tcm00252","CHRM1","TCMSP"
"tcm00252","ADRB1","TCMSP"
"tcm00252","SCN5A","TCMSP"
"tcm00252","HTR2A","TCMSP"
"tcm00252","ADRA1A","TCMSP"
"tcm00252","GABRA3","TCMSP"
"tcm00252","GABRA23","TCMSP"
"tcm00252","CHRM2","TCMSP"
"tcm00252","ADRA1B","TCMSP"
"tcm00252","GABRA1","TCMSP"
"tcm00252","CHRNA7","TCMSP"
"tcm02108","PTGS1","TCMSP"
"tcm02108","NCOA2","TCMSP"
"tcm01714","PGR","TCMSP"
"tcm01714","PR","TCMSP"
"tcm01714","NR3C2","TCMSP"
"tcm01714","MR","TCMSP"
"tcm01714","CYP101","TCMSP"
"tcm01714","CYP101A1","TCMSP"
"tcm01714","NCOA2","TCMSP"
"tcm00674","PGR","TCMSP"
"tcm00674","PR","TCMSP"
"tcm00686","PTGS1","TCMSP"
"tcm00686","ESR1","TCMSP"
"tcm00686","PTGS2","TCMSP"
"tcm00686","HSP90","TCMSP"
"tcm00686","BLAC","TCMSP"
"tcm00686","PRKACA","TCMSP"
"tcm00686","NCOA2","TCMSP"
"tcm00686","CALM","TCMSP"
"tcm00686","CALM1","TCMSP"
"tcm00686","CAML1","TCMSP"
"tcm00686","RXRA","TCMSP"
"tcm00686","CAT","TCMSP"
"tcm00686","HAS2","TCMSP"
"tcm04157","NOS2","TCMSP"
"tcm04157","ESR1","TCMSP"
"tcm04157","PPARG","TCMSP"
"tcm04157","PTGS2","TCMSP"
"tcm04157","KDR","TCMSP"
"tcm04157","MAPK14","TCMSP"
"tcm04157","GSK3B","TCMSP"
"tcm04157","CHEK1","TCMSP"
"tcm04157","PIM1","TCMSP"
"tcm04157","CCNA2","TCMSP"
"tcm04157","F2","TCMSP"
"tcm01185","PGR","TCMSP"
"tcm01185","PR","TCMSP"
"tcm01185","NR3C2","TCMSP"
"tcm01185","MR","TCMSP"
"tcm01185","NCOA2","TCMSP"
"tcm05815","NOS2","TCMSP"
"tcm05815","PTGS1","TCMSP"
"tcm05815","ESR1","TCMSP"
"tcm05815","AR","TCMSP"
"tcm05815","PPARG","TCMSP"
"tcm05815","PTGS2","TCMSP"
"tcm05815","CA2","TCMSP"
"tcm05815","PDE3A","TCMSP"
"tcm05815","ADRB2","TCMSP"
"tcm05815","ESR2","TCMSP"
"tcm05815","MAPK14","TCMSP"
"tcm05815","GSK3B","TCMSP"
"tcm05815","HSP90","TCMSP"
"tcm05815","CDK2","TCMSP"
"tcm05815","CHEK1","TCMSP"
"tcm05815","PRKACA","TCMSP"
"tcm05815","PIM1","TCMSP"
"tcm05815","CCNA2","TCMSP"
"tcm05815","CALM","TCMSP"
"tcm05815","CALM1","TCMSP"
"tcm05815","CAML1","TCMSP"
"tcm05878","F10","TCMSP"
"tcm05878","TOP2","TCMSP"
"tcm05878","F7","TCMSP"
"tcm05878","CALM","TCMSP"
"tcm05878","CALM1","TCMSP"
"tcm05878","CAML1","TCMSP"
"tcm05878","PTGS2","TCMSP"
"tcm05878","KDR","TCMSP"
"tcm05878","SOD1","TCMSP"
"tcm05883","NOS2","TCMSP"
"tcm05883","CHRM1","TCMSP"
"tcm05883","ESR1","TCMSP"
"tcm05883","AR","TCMSP"
"tcm05883","SCN5A","TCMSP"
"tcm05883","PPARG","TCMSP"
"tcm05883","PTGS2","TCMSP"
"tcm05883","RXRA","TCMSP"
"tcm05883","ACHE","TCMSP"
"tcm05883","ADRA1B","TCMSP"
"tcm05883","ADRB2","TCMSP"
"tcm05883","ESR2","TCMSP"
"tcm05883","MAPK14","TCMSP"
"tcm05883","GSK3B","TCMSP"
"tcm05883","CDK2","TCMSP"
"tcm05883","CHEK1","TCMSP"
"tcm05883","PRKACA","TCMSP"
"tcm05883","RXRB","TCMSP"
"tcm05883","IGHG1","TCMSP"
"tcm05883","PRSS1","TCMSP"
"tcm05883","PIM1","TCMSP"
"tcm05883","CCNA2","TCMSP"
"tcm05883","NCOA2","TCMSP"
"tcm05883","NCOA1","TCMSP"
"tcm05883","CALM","TCMSP"
"tcm05883","CALM1","TCMSP"
"tcm05883","CAML1","TCMSP"
"tcm05983","F2","TCMSP"
"tcm05983","ESR1","TCMSP"
"tcm05983","AR","TCMSP"
"tcm05983","PPARG","TCMSP"
"tcm05983","PTGS2","TCMSP"
"tcm05983","KDR","TCMSP"
"tcm05983","MAPK14","TCMSP"
"tcm05983","GSK3B","TCMSP"
"tcm05983","HSP90","TCMSP"
"tcm05983","CDK2","TCMSP"
"tcm05983","CHEK1","TCMSP"
"tcm05983","PRKACA","TCMSP"
"tcm05983","PIM1","TCMSP"
"tcm05983","CCNA2","TCMSP"
"tcm07571","PTGS1","TCMSP"
"tcm07571","CHRM3","TCMSP"
"tcm07571","CHRM1","TCMSP"
"tcm07571","ADRB1","TCMSP"
"tcm07571","SCN5A","TCMSP"
"tcm07571","PTGS2","TCMSP"
"tcm07571","ADRA2A","TCMSP"
"tcm07571","ADRA2C","TCMSP"
"tcm07571","CHRM4","TCMSP"
"tcm07571","RXRA","TCMSP"
"tcm07571","PDE3A","TCMSP"
"tcm07571","ADRA1A","TCMSP"
"tcm07571","ADRA2B","TCMSP"
"tcm07571","ADRA1B","TCMSP"
"tcm07571","SLC6A3","TCMSP"
"tcm07571","ADRB2","TCMSP"
"tcm07571","ADRA1D","TCMSP"
"tcm07571","SLC6A4","TCMSP"
"tcm07571","HSP90","TCMSP"
"tcm07571","NCOA2","TCMSP"
"tcm07571","CALM","TCMSP"
"tcm07571","CALM1","TCMSP"
"tcm07571","CAML1","TCMSP"
"tcm02260","PTGS1","TCMSP"
"tcm02260","D1R","TCMSP"
"tcm02260","DRD1","TCMSP"
"tcm02260","CHRM3","TCMSP"
"tcm02260","KCNH2","TCMSP"
"tcm02260","CHRM1","TCMSP"
"tcm02260","DRD5","TCMSP"
"tcm02260","SCN5A","TCMSP"
"tcm02260","F10","TCMSP"
"tcm02260","TOP2","TCMSP"
"tcm02260","CHRM5","TCMSP"
"tcm02260","PTGS2","TCMSP"
"tcm02260","CA2","TCMSP"
"tcm02260","ADRA2C","TCMSP"
"tcm02260","CHRM4","TCMSP"
"tcm02260","RXRA","TCMSP"
"tcm02260","OPRD1","TCMSP"
"tcm02260","HTR2A","TCMSP"
"tcm02260","ADRA1A","TCMSP"
"tcm02260","HTR2C","TCMSP"
"tcm02260","CHRM2","TCMSP"
"tcm02260","ADRA2B","TCMSP"
"tcm02260","ADRA1B","TCMSP"
"tcm02260","DRD3","TCMSP"
"tcm02260","SLC6A3","TCMSP"
"tcm02260","ADRB2","TCMSP"
"tcm02260","ADRA1D","TCMSP"
"tcm02260","SLC6A4","TCMSP"
"tcm02260","OPRM1","TCMSP"
"tcm02260","HSP90","TCMSP"
"tcm02260","PRKACA","TCMSP"
"tcm02260","CALM","TCMSP"
"tcm02260","CALM1","TCMSP"
"tcm02260","CAML1","TCMSP"
"tcm09916","ABL1","TCMSP"
"tcm09916","ADH5","TCMSP"
"tcm09916","ARF1","TCMSP"
"tcm09916","ARF6","TCMSP"
"tcm09916","C8G","TCMSP"
"tcm09916","CALM1","TCMSP"
"tcm09916","CYP2C8","TCMSP"
"tcm09916","ECI2","TCMSP"
"tcm09916","FKBP1A","TCMSP"
"tcm09916","FURIN","TCMSP"
"tcm09916","GLTP","TCMSP"
"tcm09916","GM2A","TCMSP"
"tcm09916","GUCA1A","TCMSP"
"tcm09916","HNF4A","TCMSP"
"tcm09916","HNF4G","TCMSP"
"tcm09916","INS","TCMSP"
"tcm09916","LALBA","TCMSP"
"tcm09916","LIP3","TCMSP"
"tcm09916","LTF","TCMSP"
"tcm09916","LY96","TCMSP"
"tcm09916","NCOA1","TCMSP"
"tcm09916","NR1H4","TCMSP"
"tcm09916","PAEP","TCMSP"
"tcm09916","PKIA","TCMSP"
"tcm09916","PLA2G1B","TCMSP"
"tcm09916","PLA2G2A","TCMSP"
"tcm09916","PLA2G2D","TCMSP"
"tcm09916","PLA2G2E","TCMSP"
"tcm09916","PMP2","TCMSP"
"tcm09916","PPARA","TCMSP"
"tcm09916","PPARD","TCMSP"
"tcm09916","PPARG","TCMSP"
"tcm09916","PPA_RS05235","TCMSP"
"tcm09916","PPP3CA","TCMSP"
"tcm09916","PPP3R1","TCMSP"
"tcm09916","PPT1","TCMSP"
"tcm09916","PRKACA","TCMSP"
"tcm09916","PTGS1","TCMSP"
"tcm09916","PTGS2","TCMSP"
"tcm09916","PVR","TCMSP"
"tcm09916","RCVRN","TCMSP"
"tcm09916","RHO","TCMSP"
"tcm09916","RXRA","TCMSP"
"tcm09916","S100B","TCMSP"
"tcm09916","SEC14L2","TCMSP"
"tcm09916","TLR4","TCMSP"
"tcm09916","TM1468","TCMSP"
"tcm09916","TRAPPC3","TCMSP"
"tcm09916","VLDLR","TCMSP"
"tcm09918","ABL1","TCMSP"
"tcm09918","ACOX1","TCMSP"
"tcm09918","ADH5","TCMSP"
"tcm09918","ARF1","TCMSP"
"tcm09918","ARF6","TCMSP"
"tcm09918","C8G","TCMSP"
"tcm09918","CALM1","TCMSP"
"tcm09918","CNR1","TCMSP"
"tcm09918","CNR2","TCMSP"
"tcm09918","CYP2C8","TCMSP"
"tcm09918","ECI2","TCMSP"
"tcm09918","FKBP1A","TCMSP"
"tcm09918","FURIN","TCMSP"
"tcm09918","GLTP","TCMSP"
"tcm09918","GM2A","TCMSP"
"tcm09918","GUCA1A","TCMSP"
"tcm09918","HAO1","TCMSP"
"tcm09918","HNF4A","TCMSP"
"tcm09918","HNF4G","TCMSP"
"tcm09918","INS","TCMSP"
"tcm09918","LALBA","TCMSP"
"tcm09918","LIP3","TCMSP"
"tcm09918","LTB4R","TCMSP"
"tcm09918","LTB4R2","TCMSP"
"tcm09918","LTF","TCMSP"
"tcm09918","LY96","TCMSP"
"tcm09918","NCOA1","TCMSP"
"tcm09918","PAEP","TCMSP"
"tcm09918","PKIA","TCMSP"
"tcm09918","PLA2G1B","TCMSP"
"tcm09918","PLA2G2A","TCMSP"
"tcm09918","PLA2G2D","TCMSP"
"tcm09918","PLA2G2E","TCMSP"
"tcm09918","PMP2","TCMSP"
"tcm09918","PPARA","TCMSP"
"tcm09918","PPARG","TCMSP"
"tcm09918","PPP3CA","TCMSP"
"tcm09918","PPP3R1","TCMSP"
"tcm09918","PPT1","TCMSP"
"tcm09918","PRKACA","TCMSP"
"tcm09918","PVR","TCMSP"
"tcm09918","RCVRN","TCMSP"
"tcm09918","RHO","TCMSP"
"tcm09918","SEC14L2","TCMSP"
"tcm09918","TLR4","TCMSP"
"tcm09918","TM1468","TCMSP"
"tcm09918","TRAPPC3","TCMSP"
"tcm09918","TRPV1","TCMSP"
"tcm09918","VLDLR","TCMSP"
"tcm09919","AKR1D1","TCMSP"
"tcm09919","AR","TCMSP"
"tcm09919","ATP6","TCMSP"
"tcm09919","BECN1","TCMSP"
"tcm09919","CHRNA4","TCMSP"
"tcm09919","CYP19A1","TCMSP"
"tcm09919","ESR1","TCMSP"
"tcm09919","ESR2","TCMSP"
"tcm09919","ESRRG","TCMSP"
"tcm09919","GPER1","TCMSP"
"tcm09919","HSD17B1","TCMSP"
"tcm09919","HSD17B11","TCMSP"
"tcm09919","HSD17B2","TCMSP"
"tcm09919","IGHG2","TCMSP"
"tcm09919","NCOA2","TCMSP"
"tcm09919","NCOA5","TCMSP"
"tcm09919","NR1I2","TCMSP"
"tcm09919","NR3C2","TCMSP"
"tcm09919","SHBG","TCMSP"
"tcm09919","SULT2A1","TCMSP"
"tcm09921","ABL1","TCMSP"
"tcm09921","ACSL3","TCMSP"
"tcm09921","ACSL4","TCMSP"
"tcm09921","ADH5","TCMSP"
"tcm09921","ARF1","TCMSP"
"tcm09921","ARF6","TCMSP"
"tcm09921","C8G","TCMSP"
"tcm09921","CALM1","TCMSP"
"tcm09921","CNR1","TCMSP"
"tcm09921","CNR2","TCMSP"
"tcm09921","CYP2C8","TCMSP"
"tcm09921","ECI2","TCMSP"
"tcm09921","ELOVL4","TCMSP"
"tcm09921","FADS1","TCMSP"
"tcm09921","FADS2","TCMSP"
"tcm09921","FFAR1","TCMSP"
"tcm09921","FKBP1A","TCMSP"
"tcm09921","FURIN","TCMSP"
"tcm09921","GLTP","TCMSP"
"tcm09921","GM2A","TCMSP"
"tcm09921","GUCA1A","TCMSP"
"tcm09921","HNF4A","TCMSP"
"tcm09921","HNF4G","TCMSP"
"tcm09921","INS","TCMSP"
"tcm09921","LALBA","TCMSP"
"tcm09921","LIP3","TCMSP"
"tcm09921","LTB4R","TCMSP"
"tcm09921","LTB4R2","TCMSP"
"tcm09921","LTF","TCMSP"
"tcm09921","LY96","TCMSP"
"tcm09921","NCOA1","TCMSP"
"tcm09921","NR1H4","TCMSP"
"tcm09921","PAEP","TCMSP"
"tcm09921","PKIA","TCMSP"
"tcm09921","PLA2G1B","TCMSP"
"tcm09921","PLA2G2A","TCMSP"
"tcm09921","PLA2G2D","TCMSP"
"tcm09921","PLA2G2E","TCMSP"
"tcm09921","PMP2","TCMSP"
"tcm09921","PPARA","TCMSP"
"tcm09921","PPARD","TCMSP"
"tcm09921","PPARG","TCMSP"
"tcm09921","PPA_RS05235","TCMSP"
"tcm09921","PPP3CA","TCMSP"
"tcm09921","PPP3R1","TCMSP"
"tcm09921","PPT1","TCMSP"
"tcm09921","PRKACA","TCMSP"
"tcm09921","PTGS1","TCMSP"
"tcm09921","PTGS2","TCMSP"
"tcm09921","PVR","TCMSP"
"tcm09921","RCVRN","TCMSP"
"tcm09921","RHO","TCMSP"
"tcm09921","RXRA","TCMSP"
"tcm09921","RXRB","TCMSP"
"tcm09921","RXRG","TCMSP"
"tcm09921","S100B","TCMSP"
"tcm09921","SEC14L2","TCMSP"
"tcm09921","SLC8A1","TCMSP"
"tcm09921","SREBF1","TCMSP"
"tcm09921","TLR4","TCMSP"
"tcm09921","TM1468","TCMSP"
"tcm09921","TRAPPC3","TCMSP"
"tcm09921","TRPV1","TCMSP"
"tcm09921","VLDLR","TCMSP"
"tcm09930","ABL1","TCMSP"
"tcm09930","ACSL3","TCMSP"
"tcm09930","ACSL4","TCMSP"
"tcm09930","ADH5","TCMSP"
"tcm09930","ARF1","TCMSP"
"tcm09930","ARF6","TCMSP"
"tcm09930","C8G","TCMSP"
"tcm09930","CALM1","TCMSP"
"tcm09930","CNR1","TCMSP"
"tcm09930","CNR2","TCMSP"
"tcm09930","CYP2C8","TCMSP"
"tcm09930","ECI2","TCMSP"
"tcm09930","ELOVL4","TCMSP"
"tcm09930","FADS1","TCMSP"
"tcm09930","FADS2","TCMSP"
"tcm09930","FFAR1","TCMSP"
"tcm09930","FKBP1A","TCMSP"
"tcm09930","FURIN","TCMSP"
"tcm09930","GLTP","TCMSP"
"tcm09930","GM2A","TCMSP"
"tcm09930","GUCA1A","TCMSP"
"tcm09930","HNF4A","TCMSP"
"tcm09930","HNF4G","TCMSP"
"tcm09930","INS","TCMSP"
"tcm09930","LALBA","TCMSP"
"tcm09930","LIP3","TCMSP"
"tcm09930","LTB4R","TCMSP"
"tcm09930","LTB4R2","TCMSP"
"tcm09930","LTF","TCMSP"
"tcm09930","LY96","TCMSP"
"tcm09930","NCOA1","TCMSP"
"tcm09930","NR1H4","TCMSP"
"tcm09930","PAEP","TCMSP"
"tcm09930","PKIA","TCMSP"
"tcm09930","PLA2G1B","TCMSP"
"tcm09930","PLA2G2A","TCMSP"
"tcm09930","PLA2G2D","TCMSP"
"tcm09930","PLA2G2E","TCMSP"
"tcm09930","PMP2","TCMSP"
"tcm09930","PPARA","TCMSP"
"tcm09930","PPARD","TCMSP"
"tcm09930","PPARG","TCMSP"
"tcm09930","PPA_RS05235","TCMSP"
"tcm09930","PPP3CA","TCMSP"
"tcm09930","PPP3R1","TCMSP"
"tcm09930","PPT1","TCMSP"
"tcm09930","PRKACA","TCMSP"
"tcm09930","PTGS1","TCMSP"
"tcm09930","PTGS2","TCMSP"
"tcm09930","PVR","TCMSP"
"tcm09930","RCVRN","TCMSP"
"tcm09930","RHO","TCMSP"
"tcm09930","RXRA","TCMSP"
"tcm09930","RXRB","TCMSP"
"tcm09930","RXRG","TCMSP"
"tcm09930","S100B","TCMSP"
"tcm09930","SEC14L2","TCMSP"
"tcm09930","SLC8A1","TCMSP"
"tcm09930","SREBF1","TCMSP"
"tcm09930","TLR4","TCMSP"
"tcm09930","TM1468","TCMSP"
"tcm09930","TRAPPC3","TCMSP"
"tcm09930","TRPV1","TCMSP"
"tcm09930","VLDLR","TCMSP"
"tcm09924","ABL1","TCMSP"
"tcm09924","ACOX1","TCMSP"
"tcm09924","ADH5","TCMSP"
"tcm09924","ARF1","TCMSP"
"tcm09924","ARF6","TCMSP"
"tcm09924","C8G","TCMSP"
"tcm09924","CALM1","TCMSP"
"tcm09924","CNR1","TCMSP"
"tcm09924","CNR2","TCMSP"
"tcm09924","CYP2C8","TCMSP"
"tcm09924","ECI2","TCMSP"
"tcm09924","FKBP1A","TCMSP"
"tcm09924","FURIN","TCMSP"
"tcm09924","GLTP","TCMSP"
"tcm09924","GM2A","TCMSP"
"tcm09924","GUCA1A","TCMSP"
"tcm09924","HAO1","TCMSP"
"tcm09924","HNF4A","TCMSP"
"tcm09924","HNF4G","TCMSP"
"tcm09924","INS","TCMSP"
"tcm09924","LALBA","TCMSP"
"tcm09924","LIP3","TCMSP"
"tcm09924","LTB4R","TCMSP"
"tcm09924","LTB4R2","TCMSP"
"tcm09924","LTF","TCMSP"
"tcm09924","LY96","TCMSP"
"tcm09924","NCOA1","TCMSP"
"tcm09924","PAEP","TCMSP"
"tcm09924","PKIA","TCMSP"
"tcm09924","PLA2G1B","TCMSP"
"tcm09924","PLA2G2A","TCMSP"
"tcm09924","PLA2G2D","TCMSP"
"tcm09924","PLA2G2E","TCMSP"
"tcm09924","PMP2","TCMSP"
"tcm09924","PPARA","TCMSP"
"tcm09924","PPARG","TCMSP"
"tcm09924","PPP3CA","TCMSP"
"tcm09924","PPP3R1","TCMSP"
"tcm09924","PPT1","TCMSP"
"tcm09924","PRKACA","TCMSP"
"tcm09924","PVR","TCMSP"
"tcm09924","RCVRN","TCMSP"
"tcm09924","RHO","TCMSP"
"tcm09924","SEC14L2","TCMSP"
"tcm09924","TLR4","TCMSP"
"tcm09924","TM1468","TCMSP"
"tcm09924","TRAPPC3","TCMSP"
"tcm09924","TRPV1","TCMSP"
"tcm09924","VLDLR","TCMSP"
"tcm08357","ABAT","TCMSP"
"tcm08357","ABL1","TCMSP"
"tcm08357","ACADSB","TCMSP"
"tcm08357","ADH5","TCMSP"
"tcm08357","ALDH5A1","TCMSP"
"tcm08357","ARF1","TCMSP"
"tcm08357","ARF6","TCMSP"
"tcm08357","C8G","TCMSP"
"tcm08357","CALM1","TCMSP"
"tcm08357","CYP2C8","TCMSP"
"tcm08357","ECI2","TCMSP"
"tcm08357","FKBP1A","TCMSP"
"tcm08357","FURIN","TCMSP"
"tcm08357","GLTP","TCMSP"
"tcm08357","GM2A","TCMSP"
"tcm08357","GUCA1A","TCMSP"
"tcm08357","HDAC2","TCMSP"
"tcm08357","HDAC9","TCMSP"
"tcm08357","HNF4A","TCMSP"
"tcm08357","HNF4G","TCMSP"
"tcm08357","INS","TCMSP"
"tcm08357","LALBA","TCMSP"
"tcm08357","LIP3","TCMSP"
"tcm08357","LTF","TCMSP"
"tcm08357","LY96","TCMSP"
"tcm08357","NCOA1","TCMSP"
"tcm08357","NR1H4","TCMSP"
"tcm08357","OGDH","TCMSP"
"tcm08357","PAEP","TCMSP"
"tcm08357","PKIA","TCMSP"
"tcm08357","PLA2G1B","TCMSP"
"tcm08357","PLA2G2A","TCMSP"
"tcm08357","PLA2G2D","TCMSP"
"tcm08357","PLA2G2E","TCMSP"
"tcm08357","PMP2","TCMSP"
"tcm08357","PPARA","TCMSP"
"tcm08357","PPARD","TCMSP"
"tcm08357","PPARG","TCMSP"
"tcm08357","PPA_RS05235","TCMSP"
"tcm08357","PPP3CA","TCMSP"
"tcm08357","PPP3R1","TCMSP"
"tcm08357","PPT1","TCMSP"
"tcm08357","PRKACA","TCMSP"
"tcm08357","PTGS1","TCMSP"
"tcm08357","PTGS2","TCMSP"
"tcm08357","PVR","TCMSP"
"tcm08357","RCVRN","TCMSP"
"tcm08357","RHO","TCMSP"
"tcm08357","RXRA","TCMSP"
"tcm08357","S100B","TCMSP"
"tcm08357","SCN10A","TCMSP"
"tcm08357","SCN11A","TCMSP"
"tcm08357","SCN1A","TCMSP"
"tcm08357","SCN1B","TCMSP"
"tcm08357","SCN2A","TCMSP"
"tcm08357","SCN2B","TCMSP"
"tcm08357","SCN3A","TCMSP"
"tcm08357","SCN3B","TCMSP"
"tcm08357","SCN4A","TCMSP"
"tcm08357","SCN4B","TCMSP"
"tcm08357","SCN5A","TCMSP"
"tcm08357","SCN7A","TCMSP"
"tcm08357","SCN8A","TCMSP"
"tcm08357","SCN9A","TCMSP"
"tcm08357","SEC14L2","TCMSP"
"tcm08357","TLR4","TCMSP"
"tcm08357","TM1468","TCMSP"
"tcm08357","TRAPPC3","TCMSP"
"tcm08357","VLDLR","TCMSP"
"tcm00487","ABAT","TCMSP"
"tcm00487","ABL1","TCMSP"
"tcm00487","ACADSB","TCMSP"
"tcm00487","ACOX1","TCMSP"
"tcm00487","ACSL3","TCMSP"
"tcm00487","ACSL4","TCMSP"
"tcm00487","ADH5","TCMSP"
"tcm00487","ALDH5A1","TCMSP"
"tcm00487","ARF1","TCMSP"
"tcm00487","ARF6","TCMSP"
"tcm00487","C8G","TCMSP"
"tcm00487","CALM1","TCMSP"
"tcm00487","CNR1","TCMSP"
"tcm00487","CNR2","TCMSP"
"tcm00487","CYP2C8","TCMSP"
"tcm00487","ECI2","TCMSP"
"tcm00487","ELOVL4","TCMSP"
"tcm00487","FADS1","TCMSP"
"tcm00487","FADS2","TCMSP"
"tcm00487","FFAR1","TCMSP"
"tcm00487","FKBP1A","TCMSP"
"tcm00487","FURIN","TCMSP"
"tcm00487","GLTP","TCMSP"
"tcm00487","GM2A","TCMSP"
"tcm00487","GUCA1A","TCMSP"
"tcm00487","HAO1","TCMSP"
"tcm00487","HDAC2","TCMSP"
"tcm00487","HDAC9","TCMSP"
"tcm00487","HNF4A","TCMSP"
"tcm00487","HNF4G","TCMSP"
"tcm00487","INS","TCMSP"
"tcm00487","LALBA","TCMSP"
"tcm00487","LIP3","TCMSP"
"tcm00487","LTB4R","TCMSP"
"tcm00487","LTB4R2","TCMSP"
"tcm00487","LTF","TCMSP"
"tcm00487","LY96","TCMSP"
"tcm00487","NCOA1","TCMSP"
"tcm00487","NR1H4","TCMSP"
"tcm00487","OGDH","TCMSP"
"tcm00487","PAEP","TCMSP"
"tcm00487","PKIA","TCMSP"
"tcm00487","PLA2G1B","TCMSP"
"tcm00487","PLA2G2A","TCMSP"
"tcm00487","PLA2G2D","TCMSP"
"tcm00487","PLA2G2E","TCMSP"
"tcm00487","PMP2","TCMSP"
"tcm00487","PPARA","TCMSP"
"tcm00487","PPARD","TCMSP"
"tcm00487","PPARG","TCMSP"
"tcm00487","PPA_RS05235","TCMSP"
"tcm00487","PPP3CA","TCMSP"
"tcm00487","PPP3R1","TCMSP"
"tcm00487","PPT1","TCMSP"
"tcm00487","PRKACA","TCMSP"
"tcm00487","PTGS1","TCMSP"
"tcm00487","PTGS2","TCMSP"
"tcm00487","PVR","TCMSP"
"tcm00487","RCVRN","TCMSP"
"tcm00487","RHO","TCMSP"
"tcm00487","RXRA","TCMSP"
"tcm00487","RXRB","TCMSP"
"tcm00487","RXRG","TCMSP"
"tcm00487","S100B","TCMSP"
"tcm00487","SCN10A","TCMSP"
"tcm00487","SCN11A","TCMSP"
"tcm00487","SCN1A","TCMSP"
"tcm00487","SCN1B","TCMSP"
"tcm00487","SCN2A","TCMSP"
"tcm00487","SCN2B","TCMSP"
"tcm00487","SCN3A","TCMSP"
"tcm00487","SCN3B","TCMSP"
"tcm00487","SCN4A","TCMSP"
"tcm00487","SCN4B","TCMSP"
"tcm00487","SCN5A","TCMSP"
"tcm00487","SCN7A","TCMSP"
"tcm00487","SCN8A","TCMSP"
"tcm00487","SCN9A","TCMSP"
"tcm00487","SEC14L2","TCMSP"
"tcm00487","SLC8A1","TCMSP"
"tcm00487","SREBF1","TCMSP"
"tcm00487","TLR4","TCMSP"
"tcm00487","TM1468","TCMSP"
"tcm00487","TRAPPC3","TCMSP"
"tcm00487","TRPV1","TCMSP"
"tcm00487","VLDLR","TCMSP"
"tcm02908","DBI","TCMSP"
"tcm02908","RHO","TCMSP"
"tcm02308","MAOB","TCMSP"
"tcm02308","NR1H4","TCMSP"
"tcm00493","ABAT","TCMSP"
"tcm00493","ABL1","TCMSP"
"tcm00493","ACADSB","TCMSP"
"tcm00493","ACOX1","TCMSP"
"tcm00493","ACSL3","TCMSP"
"tcm00493","ACSL4","TCMSP"
"tcm00493","ADH5","TCMSP"
"tcm00493","ALDH5A1","TCMSP"
"tcm00493","ARF1","TCMSP"
"tcm00493","ARF6","TCMSP"
"tcm00493","C8G","TCMSP"
"tcm00493","CALM1","TCMSP"
"tcm00493","CNR1","TCMSP"
"tcm00493","CNR2","TCMSP"
"tcm00493","CYP2C8","TCMSP"
"tcm00493","ECI2","TCMSP"
"tcm00493","ELOVL4","TCMSP"
"tcm00493","FADS1","TCMSP"
"tcm00493","FADS2","TCMSP"
"tcm00493","FFAR1","TCMSP"
"tcm00493","FKBP1A","TCMSP"
"tcm00493","FURIN","TCMSP"
"tcm00493","GLTP","TCMSP"
"tcm00493","GM2A","TCMSP"
"tcm00493","GUCA1A","TCMSP"
"tcm00493","HAO1","TCMSP"
"tcm00493","HDAC2","TCMSP"
"tcm00493","HDAC9","TCMSP"
"tcm00493","HNF4A","TCMSP"
"tcm00493","HNF4G","TCMSP"
"tcm00493","INS","TCMSP"
"tcm00493","LALBA","TCMSP"
"tcm00493","LIP3","TCMSP"
"tcm00493","LTB4R","TCMSP"
"tcm00493","LTB4R2","TCMSP"
"tcm00493","LTF","TCMSP"
"tcm00493","LY96","TCMSP"
"tcm00493","NCOA1","TCMSP"
"tcm00493","NR1H4","TCMSP"
"tcm00493","OGDH","TCMSP"
"tcm00493","PAEP","TCMSP"
"tcm00493","PKIA","TCMSP"
"tcm00493","PLA2G1B","TCMSP"
"tcm00493","PLA2G2A","TCMSP"
"tcm00493","PLA2G2D","TCMSP"
"tcm00493","PLA2G2E","TCMSP"
"tcm00493","PMP2","TCMSP"
"tcm00493","PPARA","TCMSP"
"tcm00493","PPARD","TCMSP"
"tcm00493","PPARG","TCMSP"
"tcm00493","PPA_RS05235","TCMSP"
"tcm00493","PPP3CA","TCMSP"
"tcm00493","PPP3R1","TCMSP"
"tcm00493","PPT1","TCMSP"
"tcm00493","PRKACA","TCMSP"
"tcm00493","PTGS1","TCMSP"
"tcm00493","PTGS2","TCMSP"
"tcm00493","PVR","TCMSP"
"tcm00493","RCVRN","TCMSP"
"tcm00493","RHO","TCMSP"
"tcm00493","RXRA","TCMSP"
"tcm00493","RXRB","TCMSP"
"tcm00493","RXRG","TCMSP"
"tcm00493","S100B","TCMSP"
"tcm00493","SCN10A","TCMSP"
"tcm00493","SCN11A","TCMSP"
"tcm00493","SCN1A","TCMSP"
"tcm00493","SCN1B","TCMSP"
"tcm00493","SCN2A","TCMSP"
"tcm00493","SCN2B","TCMSP"
"tcm00493","SCN3A","TCMSP"
"tcm00493","SCN3B","TCMSP"
"tcm00493","SCN4A","TCMSP"
"tcm00493","SCN4B","TCMSP"
"tcm00493","SCN5A","TCMSP"
"tcm00493","SCN7A","TCMSP"
"tcm00493","SCN8A","TCMSP"
"tcm00493","SCN9A","TCMSP"
"tcm00493","SEC14L2","TCMSP"
"tcm00493","SLC8A1","TCMSP"
"tcm00493","SREBF1","TCMSP"
"tcm00493","TLR4","TCMSP"
"tcm00493","TM1468","TCMSP"
"tcm00493","TRAPPC3","TCMSP"
"tcm00493","TRPV1","TCMSP"
"tcm00493","VLDLR","TCMSP"
"tcm00357","MAOB","TCMSP"
"tcm00357","NR1H4","TCMSP"
"tcm04575","ABAT","TCMSP"
"tcm04575","ABL1","TCMSP"
"tcm04575","ACADSB","TCMSP"
"tcm04575","ACOX1","TCMSP"
"tcm04575","ACSL3","TCMSP"
"tcm04575","ACSL4","TCMSP"
"tcm04575","ADH5","TCMSP"
"tcm04575","ALDH5A1","TCMSP"
"tcm04575","ARF1","TCMSP"
"tcm04575","ARF6","TCMSP"
"tcm04575","C8G","TCMSP"
"tcm04575","CALM1","TCMSP"
"tcm04575","CNR1","TCMSP"
"tcm04575","CNR2","TCMSP"
"tcm04575","CYP2C8","TCMSP"
"tcm04575","ECI2","TCMSP"
"tcm04575","ELOVL4","TCMSP"
"tcm04575","FADS1","TCMSP"
"tcm04575","FADS2","TCMSP"
"tcm04575","FFAR1","TCMSP"
"tcm04575","FKBP1A","TCMSP"
"tcm04575","FURIN","TCMSP"
"tcm04575","GLTP","TCMSP"
"tcm04575","GM2A","TCMSP"
"tcm04575","GUCA1A","TCMSP"
"tcm04575","HAO1","TCMSP"
"tcm04575","HDAC2","TCMSP"
"tcm04575","HDAC9","TCMSP"
"tcm04575","HNF4A","TCMSP"
"tcm04575","HNF4G","TCMSP"
"tcm04575","INS","TCMSP"
"tcm04575","LALBA","TCMSP"
"tcm04575","LIP3","TCMSP"
"tcm04575","LTB4R","TCMSP"
"tcm04575","LTB4R2","TCMSP"
"tcm04575","LTF","TCMSP"
"tcm04575","LY96","TCMSP"
"tcm04575","NCOA1","TCMSP"
"tcm04575","NR1H4","TCMSP"
"tcm04575","OGDH","TCMSP"
"tcm04575","PAEP","TCMSP"
"tcm04575","PKIA","TCMSP"
"tcm04575","PLA2G1B","TCMSP"
"tcm04575","PLA2G2A","TCMSP"
"tcm04575","PLA2G2D","TCMSP"
"tcm04575","PLA2G2E","TCMSP"
"tcm04575","PMP2","TCMSP"
"tcm04575","PPARA","TCMSP"
"tcm04575","PPARD","TCMSP"
"tcm04575","PPARG","TCMSP"
"tcm04575","PPA_RS05235","TCMSP"
"tcm04575","PPP3CA","TCMSP"
"tcm04575","PPP3R1","TCMSP"
"tcm04575","PPT1","TCMSP"
"tcm04575","PRKACA","TCMSP"
"tcm04575","PTGS1","TCMSP"
"tcm04575","PTGS2","TCMSP"
"tcm04575","PVR","TCMSP"
"tcm04575","RCVRN","TCMSP"
"tcm04575","RHO","TCMSP"
"tcm04575","RXRA","TCMSP"
"tcm04575","RXRB","TCMSP"
"tcm04575","RXRG","TCMSP"
"tcm04575","S100B","TCMSP"
"tcm04575","SCN10A","TCMSP"
"tcm04575","SCN11A","TCMSP"
"tcm04575","SCN1A","TCMSP"
"tcm04575","SCN1B","TCMSP"
"tcm04575","SCN2A","TCMSP"
"tcm04575","SCN2B","TCMSP"
"tcm04575","SCN3A","TCMSP"
"tcm04575","SCN3B","TCMSP"
"tcm04575","SCN4A","TCMSP"
"tcm04575","SCN4B","TCMSP"
"tcm04575","SCN5A","TCMSP"
"tcm04575","SCN7A","TCMSP"
"tcm04575","SCN8A","TCMSP"
"tcm04575","SCN9A","TCMSP"
"tcm04575","SEC14L2","TCMSP"
"tcm04575","SLC8A1","TCMSP"
"tcm04575","SREBF1","TCMSP"
"tcm04575","TLR4","TCMSP"
"tcm04575","TM1468","TCMSP"
"tcm04575","TRAPPC3","TCMSP"
"tcm04575","TRPV1","TCMSP"
"tcm04575","VLDLR","TCMSP"
"tcm00469","IGHG1","TCMSP"
"tcm00469","LCN2","TCMSP"
"tcm04750","ABL1","TCMSP"
"tcm04750","ACSL3","TCMSP"
"tcm04750","ACSL4","TCMSP"
"tcm04750","ADH5","TCMSP"
"tcm04750","ARF1","TCMSP"
"tcm04750","ARF6","TCMSP"
"tcm04750","C8G","TCMSP"
"tcm04750","CALM1","TCMSP"
"tcm04750","CNR1","TCMSP"
"tcm04750","CNR2","TCMSP"
"tcm04750","CYP2C8","TCMSP"
"tcm04750","ECI2","TCMSP"
"tcm04750","ELOVL4","TCMSP"
"tcm04750","FADS1","TCMSP"
"tcm04750","FADS2","TCMSP"
"tcm04750","FFAR1","TCMSP"
"tcm04750","FKBP1A","TCMSP"
"tcm04750","FURIN","TCMSP"
"tcm04750","GLTP","TCMSP"
"tcm04750","GM2A","TCMSP"
"tcm04750","GUCA1A","TCMSP"
"tcm04750","HNF4A","TCMSP"
"tcm04750","HNF4G","TCMSP"
"tcm04750","INS","TCMSP"
"tcm04750","LALBA","TCMSP"
"tcm04750","LIP3","TCMSP"
"tcm04750","LTB4R","TCMSP"
"tcm04750","LTB4R2","TCMSP"
"tcm04750","LTF","TCMSP"
"tcm04750","LY96","TCMSP"
"tcm04750","NCOA1","TCMSP"
"tcm04750","NR1H4","TCMSP"
"tcm04750","PAEP","TCMSP"
"tcm04750","PKIA","TCMSP"
"tcm04750","PLA2G1B","TCMSP"
"tcm04750","PLA2G2A","TCMSP"
"tcm04750","PLA2G2D","TCMSP"
"tcm04750","PLA2G2E","TCMSP"
"tcm04750","PMP2","TCMSP"
"tcm04750","PPARA","TCMSP"
"tcm04750","PPARD","TCMSP"
"tcm04750","PPARG","TCMSP"
"tcm04750","PPA_RS05235","TCMSP"
"tcm04750","PPP3CA","TCMSP"
"tcm04750","PPP3R1","TCMSP"
"tcm04750","PPT1","TCMSP"
"tcm04750","PRKACA","TCMSP"
"tcm04750","PTGS1","TCMSP"
"tcm04750","PTGS2","TCMSP"
"tcm04750","PVR","TCMSP"
"tcm04750","RCVRN","TCMSP"
"tcm04750","RHO","TCMSP"
"tcm04750","RXRA","TCMSP"
"tcm04750","RXRB","TCMSP"
"tcm04750","RXRG","TCMSP"
"tcm04750","S100B","TCMSP"
"tcm04750","SEC14L2","TCMSP"
"tcm04750","SLC8A1","TCMSP"
"tcm04750","SREBF1","TCMSP"
"tcm04750","TLR4","TCMSP"
"tcm04750","TM1468","TCMSP"
"tcm04750","TRAPPC3","TCMSP"
"tcm04750","TRPV1","TCMSP"
"tcm04750","VLDLR","TCMSP"
"tcm04583","IGHG1","TCMSP"
"tcm04583","LCN2","TCMSP"
"tcm01846","ABL1","TCMSP"
"tcm01846","ACSL3","TCMSP"
"tcm01846","ACSL4","TCMSP"
"tcm01846","ADH5","TCMSP"
"tcm01846","ARF1","TCMSP"
"tcm01846","ARF6","TCMSP"
"tcm01846","C8G","TCMSP"
"tcm01846","CALM1","TCMSP"
"tcm01846","CNR1","TCMSP"
"tcm01846","CNR2","TCMSP"
"tcm01846","CYP2C8","TCMSP"
"tcm01846","ECI2","TCMSP"
"tcm01846","ELOVL4","TCMSP"
"tcm01846","FADS1","TCMSP"
"tcm01846","FADS2","TCMSP"
"tcm01846","FFAR1","TCMSP"
"tcm01846","FKBP1A","TCMSP"
"tcm01846","FURIN","TCMSP"
"tcm01846","GLTP","TCMSP"
"tcm01846","GM2A","TCMSP"
"tcm01846","GUCA1A","TCMSP"
"tcm01846","HNF4A","TCMSP"
"tcm01846","HNF4G","TCMSP"
"tcm01846","INS","TCMSP"
"tcm01846","LALBA","TCMSP"
"tcm01846","LIP3","TCMSP"
"tcm01846","LTB4R","TCMSP"
"tcm01846","LTB4R2","TCMSP"
"tcm01846","LTF","TCMSP"
"tcm01846","LY96","TCMSP"
"tcm01846","NCOA1","TCMSP"
"tcm01846","NR1H4","TCMSP"
"tcm01846","PAEP","TCMSP"
"tcm01846","PKIA","TCMSP"
"tcm01846","PLA2G1B","TCMSP"
"tcm01846","PLA2G2A","TCMSP"
"tcm01846","PLA2G2D","TCMSP"
"tcm01846","PLA2G2E","TCMSP"
"tcm01846","PMP2","TCMSP"
"tcm01846","PPARA","TCMSP"
"tcm01846","PPARD","TCMSP"
"tcm01846","PPARG","TCMSP"
"tcm01846","PPA_RS05235","TCMSP"
"tcm01846","PPP3CA","TCMSP"
"tcm01846","PPP3R1","TCMSP"
"tcm01846","PPT1","TCMSP"
"tcm01846","PRKACA","TCMSP"
"tcm01846","PTGS1","TCMSP"
"tcm01846","PTGS2","TCMSP"
"tcm01846","PVR","TCMSP"
"tcm01846","RCVRN","TCMSP"
"tcm01846","RHO","TCMSP"
"tcm01846","RXRA","TCMSP"
"tcm01846","RXRB","TCMSP"
"tcm01846","RXRG","TCMSP"
"tcm01846","S100B","TCMSP"
"tcm01846","SEC14L2","TCMSP"
"tcm01846","SLC8A1","TCMSP"
"tcm01846","SREBF1","TCMSP"
"tcm01846","TLR4","TCMSP"
"tcm01846","TM1468","TCMSP"
"tcm01846","TRAPPC3","TCMSP"
"tcm01846","TRPV1","TCMSP"
"tcm01846","VLDLR","TCMSP"
"tcm06513","ALDH1A1","TCMSP"
"tcm06513","ALDH1A2","TCMSP"
"tcm06513","CYP26A1","TCMSP"
"tcm06513","CYP26B1","TCMSP"
"tcm06513","CYP26C1","TCMSP"
"tcm06513","GPRC5A","TCMSP"
"tcm06513","HPGDS","TCMSP"
"tcm06513","IGFBP3","TCMSP"
"tcm06513","LCN1","TCMSP"
"tcm06513","NR0B1","TCMSP"
"tcm06513","OBP2A","TCMSP"
"tcm06513","PDK4","TCMSP"
"tcm06513","PSG5","TCMSP"
"tcm06513","RARA","TCMSP"
"tcm06513","RARB","TCMSP"
"tcm06513","RARG","TCMSP"
"tcm06513","RARRES1","TCMSP"
"tcm06513","RBP4","TCMSP"
"tcm06513","RXRA","TCMSP"
"tcm06513","RXRB","TCMSP"
"tcm06513","RXRG","TCMSP"
"tcm05140","IGKC","TCMSP"
"tcm00490","ABAT","TCMSP"
"tcm00490","ABL1","TCMSP"
"tcm00490","ACADSB","TCMSP"
"tcm00490","ACOX1","TCMSP"
"tcm00490","ACSL3","TCMSP"
"tcm00490","ACSL4","TCMSP"
"tcm00490","ADH5","TCMSP"
"tcm00490","ALDH5A1","TCMSP"
"tcm00490","ARF1","TCMSP"
"tcm00490","ARF6","TCMSP"
"tcm00490","C8G","TCMSP"
"tcm00490","CALM1","TCMSP"
"tcm00490","CNR1","TCMSP"
"tcm00490","CNR2","TCMSP"
"tcm00490","CYP2C8","TCMSP"
"tcm00490","ECI2","TCMSP"
"tcm00490","ELOVL4","TCMSP"
"tcm00490","FADS1","TCMSP"
"tcm00490","FADS2","TCMSP"
"tcm00490","FFAR1","TCMSP"
"tcm00490","FKBP1A","TCMSP"
"tcm00490","FURIN","TCMSP"
"tcm00490","GLTP","TCMSP"
"tcm00490","GM2A","TCMSP"
"tcm00490","GUCA1A","TCMSP"
"tcm00490","HAO1","TCMSP"
"tcm00490","HDAC2","TCMSP"
"tcm00490","HDAC9","TCMSP"
"tcm00490","HNF4A","TCMSP"
"tcm00490","HNF4G","TCMSP"
"tcm00490","INS","TCMSP"
"tcm00490","LALBA","TCMSP"
"tcm00490","LIP3","TCMSP"
"tcm00490","LTB4R","TCMSP"
"tcm00490","LTB4R2","TCMSP"
"tcm00490","LTF","TCMSP"
"tcm00490","LY96","TCMSP"
"tcm00490","NCOA1","TCMSP"
"tcm00490","NR1H4","TCMSP"
"tcm00490","OGDH","TCMSP"
"tcm00490","PAEP","TCMSP"
"tcm00490","PKIA","TCMSP"
"tcm00490","PLA2G1B","TCMSP"
"tcm00490","PLA2G2A","TCMSP"
"tcm00490","PLA2G2D","TCMSP"
"tcm00490","PLA2G2E","TCMSP"
"tcm00490","PMP2","TCMSP"
"tcm00490","PPARA","TCMSP"
"tcm00490","PPARD","TCMSP"
"tcm00490","PPARG","TCMSP"
"tcm00490","PPA_RS05235","TCMSP"
"tcm00490","PPP3CA","TCMSP"
"tcm00490","PPP3R1","TCMSP"
"tcm00490","PPT1","TCMSP"
"tcm00490","PRKACA","TCMSP"
"tcm00490","PTGS1","TCMSP"
"tcm00490","PTGS2","TCMSP"
"tcm00490","PVR","TCMSP"
"tcm00490","RCVRN","TCMSP"
"tcm00490","RHO","TCMSP"
"tcm00490","RXRA","TCMSP"
"tcm00490","RXRB","TCMSP"
"tcm00490","RXRG","TCMSP"
"tcm00490","S100B","TCMSP"
"tcm00490","SCN10A","TCMSP"
"tcm00490","SCN11A","TCMSP"
"tcm00490","SCN1A","TCMSP"
"tcm00490","SCN1B","TCMSP"
"tcm00490","SCN2A","TCMSP"
"tcm00490","SCN2B","TCMSP"
"tcm00490","SCN3A","TCMSP"
"tcm00490","SCN3B","TCMSP"
"tcm00490","SCN4A","TCMSP"
"tcm00490","SCN4B","TCMSP"
"tcm00490","SCN5A","TCMSP"
"tcm00490","SCN7A","TCMSP"
"tcm00490","SCN8A","TCMSP"
"tcm00490","SCN9A","TCMSP"
"tcm00490","SEC14L2","TCMSP"
"tcm00490","SLC8A1","TCMSP"
"tcm00490","SREBF1","TCMSP"
"tcm00490","TLR4","TCMSP"
"tcm00490","TM1468","TCMSP"
"tcm00490","TRAPPC3","TCMSP"
"tcm00490","TRPV1","TCMSP"
"tcm00490","VLDLR","TCMSP"
"tcm00475","AKR1C1","TCMSP"
"tcm00475","AKR1C2","TCMSP"
"tcm00475","AR","TCMSP"
"tcm00475","CLEC4E","TCMSP"
"tcm00475","ESR1","TCMSP"
"tcm00475","ESR2","TCMSP"
"tcm00475","GABRA1","TCMSP"
"tcm00475","GABRA2","TCMSP"
"tcm00475","GABRA3","TCMSP"
"tcm00475","GABRA4","TCMSP"
"tcm00475","GABRA5","TCMSP"
"tcm00475","GABRA6","TCMSP"
"tcm00475","GABRB1","TCMSP"
"tcm00475","GABRB2","TCMSP"
"tcm00475","GABRB3","TCMSP"
"tcm00475","GABRD","TCMSP"
"tcm00475","GABRE","TCMSP"
"tcm00475","GABRG1","TCMSP"
"tcm00475","GABRG2","TCMSP"
"tcm00475","GABRG3","TCMSP"
"tcm00475","GABRP","TCMSP"
"tcm00475","GABRQ","TCMSP"
"tcm00475","GRIN1","TCMSP"
"tcm00475","GRIN2A","TCMSP"
"tcm00475","GRIN2B","TCMSP"
"tcm00475","GRIN2C","TCMSP"
"tcm00475","GRIN2D","TCMSP"
"tcm00475","GRIN3A","TCMSP"
"tcm00475","GRIN3B","TCMSP"
"tcm00475","HSD17B1","TCMSP"
"tcm00475","LIP3","TCMSP"
"tcm00475","LSS","TCMSP"
"tcm00475","NR1I2","TCMSP"
"tcm00475","NR1I3","TCMSP"
"tcm00475","NR3C1","TCMSP"
"tcm00475","PPARA","TCMSP"
"tcm00475","RORA","TCMSP"
"tcm00475","SIGMAR1","TCMSP"
"tcm00475","SULT2A1","TCMSP"
"tcm00475","SULT2B1","TCMSP"
"tcm00475","VDR","TCMSP"
"tcm04743","ABAT","TCMSP"
"tcm04743","ABL1","TCMSP"
"tcm04743","ACADSB","TCMSP"
"tcm04743","ACOX1","TCMSP"
"tcm04743","ACSL3","TCMSP"
"tcm04743","ACSL4","TCMSP"
"tcm04743","ADH5","TCMSP"
"tcm04743","ALDH5A1","TCMSP"
"tcm04743","ARF1","TCMSP"
"tcm04743","ARF6","TCMSP"
"tcm04743","C8G","TCMSP"
"tcm04743","CALM1","TCMSP"
"tcm04743","CNR1","TCMSP"
"tcm04743","CNR2","TCMSP"
"tcm04743","CYP2C8","TCMSP"
"tcm04743","ECI2","TCMSP"
"tcm04743","ELOVL4","TCMSP"
"tcm04743","FADS1","TCMSP"
"tcm04743","FADS2","TCMSP"
"tcm04743","FFAR1","TCMSP"
"tcm04743","FKBP1A","TCMSP"
"tcm04743","FURIN","TCMSP"
"tcm04743","GLTP","TCMSP"
"tcm04743","GM2A","TCMSP"
"tcm04743","GUCA1A","TCMSP"
"tcm04743","HAO1","TCMSP"
"tcm04743","HDAC2","TCMSP"
"tcm04743","HDAC9","TCMSP"
"tcm04743","HNF4A","TCMSP"
"tcm04743","HNF4G","TCMSP"
"tcm04743","INS","TCMSP"
"tcm04743","LALBA","TCMSP"
"tcm04743","LIP3","TCMSP"
"tcm04743","LTB4R","TCMSP"
"tcm04743","LTB4R2","TCMSP"
"tcm04743","LTF","TCMSP"
"tcm04743","LY96","TCMSP"
"tcm04743","NCOA1","TCMSP"
"tcm04743","NR1H4","TCMSP"
"tcm04743","OGDH","TCMSP"
"tcm04743","PAEP","TCMSP"
"tcm04743","PKIA","TCMSP"
"tcm04743","PLA2G1B","TCMSP"
"tcm04743","PLA2G2A","TCMSP"
"tcm04743","PLA2G2D","TCMSP"
"tcm04743","PLA2G2E","TCMSP"
"tcm04743","PMP2","TCMSP"
"tcm04743","PPARA","TCMSP"
"tcm04743","PPARD","TCMSP"
"tcm04743","PPARG","TCMSP"
"tcm04743","PPA_RS05235","TCMSP"
"tcm04743","PPP3CA","TCMSP"
"tcm04743","PPP3R1","TCMSP"
"tcm04743","PPT1","TCMSP"
"tcm04743","PRKACA","TCMSP"
"tcm04743","PTGS1","TCMSP"
"tcm04743","PTGS2","TCMSP"
"tcm04743","PVR","TCMSP"
"tcm04743","RCVRN","TCMSP"
"tcm04743","RHO","TCMSP"
"tcm04743","RXRA","TCMSP"
"tcm04743","RXRB","TCMSP"
"tcm04743","RXRG","TCMSP"
"tcm04743","S100B","TCMSP"
"tcm04743","SCN10A","TCMSP"
"tcm04743","SCN11A","TCMSP"
"tcm04743","SCN1A","TCMSP"
"tcm04743","SCN1B","TCMSP"
"tcm04743","SCN2A","TCMSP"
"tcm04743","SCN2B","TCMSP"
"tcm04743","SCN3A","TCMSP"
"tcm04743","SCN3B","TCMSP"
"tcm04743","SCN4A","TCMSP"
"tcm04743","SCN4B","TCMSP"
"tcm04743","SCN5A","TCMSP"
"tcm04743","SCN7A","TCMSP"
"tcm04743","SCN8A","TCMSP"
"tcm04743","SCN9A","TCMSP"
"tcm04743","SEC14L2","TCMSP"
"tcm04743","SLC8A1","TCMSP"
"tcm04743","SREBF1","TCMSP"
"tcm04743","TLR4","TCMSP"
"tcm04743","TM1468","TCMSP"
"tcm04743","TRAPPC3","TCMSP"
"tcm04743","TRPV1","TCMSP"
"tcm04743","VLDLR","TCMSP"
"tcm00491","ABL1","TCMSP"
"tcm00491","ACSL3","TCMSP"
"tcm00491","ACSL4","TCMSP"
"tcm00491","ADH5","TCMSP"
"tcm00491","ARF1","TCMSP"
"tcm00491","ARF6","TCMSP"
"tcm00491","C8G","TCMSP"
"tcm00491","CALM1","TCMSP"
"tcm00491","CYP2C8","TCMSP"
"tcm00491","ECI2","TCMSP"
"tcm00491","ELOVL4","TCMSP"
"tcm00491","FADS1","TCMSP"
"tcm00491","FADS2","TCMSP"
"tcm00491","FFAR1","TCMSP"
"tcm00491","FKBP1A","TCMSP"
"tcm00491","FURIN","TCMSP"
"tcm00491","GLTP","TCMSP"
"tcm00491","GM2A","TCMSP"
"tcm00491","GUCA1A","TCMSP"
"tcm00491","HNF4A","TCMSP"
"tcm00491","HNF4G","TCMSP"
"tcm00491","INS","TCMSP"
"tcm00491","LALBA","TCMSP"
"tcm00491","LIP3","TCMSP"
"tcm00491","LTF","TCMSP"
"tcm00491","LY96","TCMSP"
"tcm00491","NCOA1","TCMSP"
"tcm00491","NR1H4","TCMSP"
"tcm00491","PAEP","TCMSP"
"tcm00491","PKIA","TCMSP"
"tcm00491","PLA2G1B","TCMSP"
"tcm00491","PLA2G2A","TCMSP"
"tcm00491","PLA2G2D","TCMSP"
"tcm00491","PLA2G2E","TCMSP"
"tcm00491","PMP2","TCMSP"
"tcm00491","PPARA","TCMSP"
"tcm00491","PPARD","TCMSP"
"tcm00491","PPARG","TCMSP"
"tcm00491","PPA_RS05235","TCMSP"
"tcm00491","PPP3CA","TCMSP"
"tcm00491","PPP3R1","TCMSP"
"tcm00491","PPT1","TCMSP"
"tcm00491","PRKACA","TCMSP"
"tcm00491","PTGS1","TCMSP"
"tcm00491","PTGS2","TCMSP"
"tcm00491","PVR","TCMSP"
"tcm00491","RCVRN","TCMSP"
"tcm00491","RHO","TCMSP"
"tcm00491","RXRA","TCMSP"
"tcm00491","RXRB","TCMSP"
"tcm00491","RXRG","TCMSP"
"tcm00491","SEC14L2","TCMSP"
"tcm00491","SLC8A1","TCMSP"
"tcm00491","SREBF1","TCMSP"
"tcm00491","TLR4","TCMSP"
"tcm00491","TM1468","TCMSP"
"tcm00491","TRAPPC3","TCMSP"
"tcm00491","TRPV1","TCMSP"
"tcm00491","VLDLR","TCMSP"
"tcm00252","AKR1C1","TCMSP"
"tcm00252","AKR1C2","TCMSP"
"tcm00252","AR","TCMSP"
"tcm00252","CLEC4E","TCMSP"
"tcm00252","ESR1","TCMSP"
"tcm00252","ESR2","TCMSP"
"tcm00252","GABRA2","TCMSP"
"tcm00252","GABRA4","TCMSP"
"tcm00252","GABRA5","TCMSP"
"tcm00252","GABRA6","TCMSP"
"tcm00252","GABRB1","TCMSP"
"tcm00252","GABRB2","TCMSP"
"tcm00252","GABRB3","TCMSP"
"tcm00252","GABRD","TCMSP"
"tcm00252","GABRE","TCMSP"
"tcm00252","GABRG1","TCMSP"
"tcm00252","GABRG2","TCMSP"
"tcm00252","GABRG3","TCMSP"
"tcm00252","GABRP","TCMSP"
"tcm00252","GABRQ","TCMSP"
"tcm00252","GRIN1","TCMSP"
"tcm00252","GRIN2A","TCMSP"
"tcm00252","GRIN2B","TCMSP"
"tcm00252","GRIN2C","TCMSP"
"tcm00252","GRIN2D","TCMSP"
"tcm00252","GRIN3A","TCMSP"
"tcm00252","GRIN3B","TCMSP"
"tcm00252","HSD17B1","TCMSP"
"tcm00252","LIP3","TCMSP"
"tcm00252","LSS","TCMSP"
"tcm00252","NR1I2","TCMSP"
"tcm00252","NR1I3","TCMSP"
"tcm00252","NR3C1","TCMSP"
"tcm00252","PPARA","TCMSP"
"tcm00252","RORA","TCMSP"
"tcm00252","SIGMAR1","TCMSP"
"tcm00252","SULT2A1","TCMSP"
"tcm00252","SULT2B1","TCMSP"
"tcm00252","VDR","TCMSP"
"tcm03973","ABO","TCMSP"
"tcm03973","AMY2B","TCMSP"
"tcm03973","CYP2B6","TCMSP"
"tcm03973","GLT6D1","TCMSP"
"tcm03973","GLTP","TCMSP"
"tcm03973","LGALS3","TCMSP"
"tcm03973","TYR","TCMSP"
"tcm01861","CDIPT","TCMSP"
"tcm01861","GBA","TCMSP"
"tcm09931","AMY1A","TCMSP"
"tcm09931","AMY2A","TCMSP"
"tcm09931","AMY2B","TCMSP"
"tcm09931","BAMF_RS28815","TCMSP"
"tcm09931","GCK","TCMSP"
"tcm09931","GLT6D1","TCMSP"
"tcm09931","GLTP","TCMSP"
"tcm09931","GNPDA1","TCMSP"
"tcm09931","HK1","TCMSP"
"tcm09931","IFNB1","TCMSP"
"tcm09931","KRTAP5-2","TCMSP"
"tcm09931","KRTAP5-3","TCMSP"
"tcm09931","LCT","TCMSP"
"tcm09931","LCTL","TCMSP"
"tcm09931","LGALS2","TCMSP"
"tcm09931","LGALS3","TCMSP"
"tcm09931","LGALS7","TCMSP"
"tcm09931","MB","TCMSP"
"tcm09931","MBL2","TCMSP"
"tcm09931","NCAN","TCMSP"
"tcm09931","NUDT9","TCMSP"
"tcm09931","PTGS1","TCMSP"
"tcm09931","PYGL","TCMSP"
"tcm09931","PYGM","TCMSP"
"tcm09931","SFTPD","TCMSP"
"tcm09931","SIGLEC1","TCMSP"
"tcm09931","SMARCA5","TCMSP"
"tcm09931","TM0024","TCMSP"
"tcm09931","TYR","TCMSP"
"tcm02154","ACOT13","TCMSP"
"tcm02154","DBI","TCMSP"
"tcm02154","PRKACA","TCMSP"
"tcm02154","RHO","TCMSP"
"tcm02304","BLLF1","TCMSP"
"tcm02304","FAAH","TCMSP"
"tcm02959","ABL1","TCMSP"
"tcm02959","ACSL3","TCMSP"
"tcm02959","ACSL4","TCMSP"
"tcm02959","ADH5","TCMSP"
"tcm02959","ARF1","TCMSP"
"tcm02959","ARF6","TCMSP"
"tcm02959","C8G","TCMSP"
"tcm02959","CALM1","TCMSP"
"tcm02959","CNR1","TCMSP"
"tcm02959","CNR2","TCMSP"
"tcm02959","CYP2C8","TCMSP"
"tcm02959","ECI2","TCMSP"
"tcm02959","ELOVL4","TCMSP"
"tcm02959","FADS1","TCMSP"
"tcm02959","FADS2","TCMSP"
"tcm02959","FFAR1","TCMSP"
"tcm02959","FKBP1A","TCMSP"
"tcm02959","FURIN","TCMSP"
"tcm02959","GLTP","TCMSP"
"tcm02959","GM2A","TCMSP"
"tcm02959","GUCA1A","TCMSP"
"tcm02959","HNF4A","TCMSP"
"tcm02959","HNF4G","TCMSP"
"tcm02959","INS","TCMSP"
"tcm02959","LALBA","TCMSP"
"tcm02959","LIP3","TCMSP"
"tcm02959","LTB4R","TCMSP"
"tcm02959","LTB4R2","TCMSP"
"tcm02959","LTF","TCMSP"
"tcm02959","LY96","TCMSP"
"tcm02959","NCOA1","TCMSP"
"tcm02959","NR1H4","TCMSP"
"tcm02959","PAEP","TCMSP"
"tcm02959","PKIA","TCMSP"
"tcm02959","PLA2G1B","TCMSP"
"tcm02959","PLA2G2A","TCMSP"
"tcm02959","PLA2G2D","TCMSP"
"tcm02959","PLA2G2E","TCMSP"
"tcm02959","PMP2","TCMSP"
"tcm02959","PPARA","TCMSP"
"tcm02959","PPARD","TCMSP"
"tcm02959","PPARG","TCMSP"
"tcm02959","PPA_RS05235","TCMSP"
"tcm02959","PPP3CA","TCMSP"
"tcm02959","PPP3R1","TCMSP"
"tcm02959","PPT1","TCMSP"
"tcm02959","PRKACA","TCMSP"
"tcm02959","PTGS1","TCMSP"
"tcm02959","PTGS2","TCMSP"
"tcm02959","PVR","TCMSP"
"tcm02959","RCVRN","TCMSP"
"tcm02959","RHO","TCMSP"
"tcm02959","RXRA","TCMSP"
"tcm02959","RXRB","TCMSP"
"tcm02959","RXRG","TCMSP"
"tcm02959","S100B","TCMSP"
"tcm02959","SEC14L2","TCMSP"
"tcm02959","SLC8A1","TCMSP"
"tcm02959","SREBF1","TCMSP"
"tcm02959","TLR4","TCMSP"
"tcm02959","TM1468","TCMSP"
"tcm02959","TRAPPC3","TCMSP"
"tcm02959","TRPV1","TCMSP"
"tcm02959","VLDLR","TCMSP"
"tcm00489","ABAT","TCMSP"
"tcm00489","ABL1","TCMSP"
"tcm00489","ACADSB","TCMSP"
"tcm00489","ACOX1","TCMSP"
"tcm00489","ACSL3","TCMSP"
"tcm00489","ACSL4","TCMSP"
"tcm00489","ADH5","TCMSP"
"tcm00489","ALDH5A1","TCMSP"
"tcm00489","ARF1","TCMSP"
"tcm00489","ARF6","TCMSP"
"tcm00489","C8G","TCMSP"
"tcm00489","CALM1","TCMSP"
"tcm00489","CNR1","TCMSP"
"tcm00489","CNR2","TCMSP"
"tcm00489","CYP2C8","TCMSP"
"tcm00489","ECI2","TCMSP"
"tcm00489","ELOVL4","TCMSP"
"tcm00489","FADS1","TCMSP"
"tcm00489","FADS2","TCMSP"
"tcm00489","FFAR1","TCMSP"
"tcm00489","FKBP1A","TCMSP"
"tcm00489","FURIN","TCMSP"
"tcm00489","GLTP","TCMSP"
"tcm00489","GM2A","TCMSP"
"tcm00489","GUCA1A","TCMSP"
"tcm00489","HAO1","TCMSP"
"tcm00489","HDAC2","TCMSP"
"tcm00489","HDAC9","TCMSP"
"tcm00489","HNF4A","TCMSP"
"tcm00489","HNF4G","TCMSP"
"tcm00489","INS","TCMSP"
"tcm00489","LALBA","TCMSP"
"tcm00489","LIP3","TCMSP"
"tcm00489","LTB4R","TCMSP"
"tcm00489","LTB4R2","TCMSP"
"tcm00489","LTF","TCMSP"
"tcm00489","LY96","TCMSP"
"tcm00489","NCOA1","TCMSP"
"tcm00489","NR1H4","TCMSP"
"tcm00489","OGDH","TCMSP"
"tcm00489","PAEP","TCMSP"
"tcm00489","PKIA","TCMSP"
"tcm00489","PLA2G1B","TCMSP"
"tcm00489","PLA2G2A","TCMSP"
"tcm00489","PLA2G2D","TCMSP"
"tcm00489","PLA2G2E","TCMSP"
"tcm00489","PMP2","TCMSP"
"tcm00489","PPARA","TCMSP"
"tcm00489","PPARD","TCMSP"
"tcm00489","PPARG","TCMSP"
"tcm00489","PPA_RS05235","TCMSP"
"tcm00489","PPP3CA","TCMSP"
"tcm00489","PPP3R1","TCMSP"
"tcm00489","PPT1","TCMSP"
"tcm00489","PRKACA","TCMSP"
"tcm00489","PTGS1","TCMSP"
"tcm00489","PTGS2","TCMSP"
"tcm00489","PVR","TCMSP"
"tcm00489","RCVRN","TCMSP"
"tcm00489","RHO","TCMSP"
"tcm00489","RXRA","TCMSP"
"tcm00489","RXRB","TCMSP"
"tcm00489","RXRG","TCMSP"
"tcm00489","S100B","TCMSP"
"tcm00489","SCN10A","TCMSP"
"tcm00489","SCN11A","TCMSP"
"tcm00489","SCN1A","TCMSP"
"tcm00489","SCN1B","TCMSP"
"tcm00489","SCN2A","TCMSP"
"tcm00489","SCN2B","TCMSP"
"tcm00489","SCN3A","TCMSP"
"tcm00489","SCN3B","TCMSP"
"tcm00489","SCN4A","TCMSP"
"tcm00489","SCN4B","TCMSP"
"tcm00489","SCN5A","TCMSP"
"tcm00489","SCN7A","TCMSP"
"tcm00489","SCN8A","TCMSP"
"tcm00489","SCN9A","TCMSP"
"tcm00489","SEC14L2","TCMSP"
"tcm00489","SLC8A1","TCMSP"
"tcm00489","SREBF1","TCMSP"
"tcm00489","TLR4","TCMSP"
"tcm00489","TM1468","TCMSP"
"tcm00489","TRAPPC3","TCMSP"
"tcm00489","TRPV1","TCMSP"
"tcm00489","VLDLR","TCMSP"
"tcm00568","PRKACA","TCMSP"
"tcm00507","ABAT","TCMSP"
"tcm00507","ABL1","TCMSP"
"tcm00507","ACADSB","TCMSP"
"tcm00507","ACOX1","TCMSP"
"tcm00507","ACSL3","TCMSP"
"tcm00507","ACSL4","TCMSP"
"tcm00507","ADH5","TCMSP"
"tcm00507","ALDH5A1","TCMSP"
"tcm00507","ARF1","TCMSP"
"tcm00507","ARF6","TCMSP"
"tcm00507","C8G","TCMSP"
"tcm00507","CALM1","TCMSP"
"tcm00507","CNR1","TCMSP"
"tcm00507","CNR2","TCMSP"
"tcm00507","CYP2C8","TCMSP"
"tcm00507","ECI2","TCMSP"
"tcm00507","ELOVL4","TCMSP"
"tcm00507","FADS1","TCMSP"
"tcm00507","FADS2","TCMSP"
"tcm00507","FFAR1","TCMSP"
"tcm00507","FKBP1A","TCMSP"
"tcm00507","FURIN","TCMSP"
"tcm00507","GLTP","TCMSP"
"tcm00507","GM2A","TCMSP"
"tcm00507","GUCA1A","TCMSP"
"tcm00507","HAO1","TCMSP"
"tcm00507","HDAC2","TCMSP"
"tcm00507","HDAC9","TCMSP"
"tcm00507","HNF4A","TCMSP"
"tcm00507","HNF4G","TCMSP"
"tcm00507","INS","TCMSP"
"tcm00507","LALBA","TCMSP"
"tcm00507","LIP3","TCMSP"
"tcm00507","LTB4R","TCMSP"
"tcm00507","LTB4R2","TCMSP"
"tcm00507","LTF","TCMSP"
"tcm00507","LY96","TCMSP"
"tcm00507","NCOA1","TCMSP"
"tcm00507","NR1H4","TCMSP"
"tcm00507","OGDH","TCMSP"
"tcm00507","PAEP","TCMSP"
"tcm00507","PKIA","TCMSP"
"tcm00507","PLA2G1B","TCMSP"
"tcm00507","PLA2G2A","TCMSP"
"tcm00507","PLA2G2D","TCMSP"
"tcm00507","PLA2G2E","TCMSP"
"tcm00507","PMP2","TCMSP"
"tcm00507","PPARA","TCMSP"
"tcm00507","PPARD","TCMSP"
"tcm00507","PPARG","TCMSP"
"tcm00507","PPA_RS05235","TCMSP"
"tcm00507","PPP3CA","TCMSP"
"tcm00507","PPP3R1","TCMSP"
"tcm00507","PPT1","TCMSP"
"tcm00507","PRKACA","TCMSP"
"tcm00507","PTGS1","TCMSP"
"tcm00507","PTGS2","TCMSP"
"tcm00507","PVR","TCMSP"
"tcm00507","RCVRN","TCMSP"
"tcm00507","RHO","TCMSP"
"tcm00507","RXRA","TCMSP"
"tcm00507","RXRB","TCMSP"
"tcm00507","RXRG","TCMSP"
"tcm00507","S100B","TCMSP"
"tcm00507","SCN10A","TCMSP"
"tcm00507","SCN11A","TCMSP"
"tcm00507","SCN1A","TCMSP"
"tcm00507","SCN1B","TCMSP"
"tcm00507","SCN2A","TCMSP"
"tcm00507","SCN2B","TCMSP"
"tcm00507","SCN3A","TCMSP"
"tcm00507","SCN3B","TCMSP"
"tcm00507","SCN4A","TCMSP"
"tcm00507","SCN4B","TCMSP"
"tcm00507","SCN5A","TCMSP"
"tcm00507","SCN7A","TCMSP"
"tcm00507","SCN8A","TCMSP"
"tcm00507","SCN9A","TCMSP"
"tcm00507","SEC14L2","TCMSP"
"tcm00507","SLC8A1","TCMSP"
"tcm00507","SREBF1","TCMSP"
"tcm00507","TLR4","TCMSP"
"tcm00507","TM1468","TCMSP"
"tcm00507","TRAPPC3","TCMSP"
"tcm00507","TRPV1","TCMSP"
"tcm00507","VLDLR","TCMSP"
"tcm03881","IGHG1","TCMSP"
"tcm03881","LCN2","TCMSP"
