Mol_ID,Gene_symbol
tcm04075,NOS2
tcm04075,AR
tcm04075,F10
tcm04075,TOP2
tcm04075,PTGS2
tcm04075,F7
tcm04075,TOP2A
tcm04075,ESR2
tcm04075,DPP4
tcm04075,HSP90
tcm04075,PRSS1
tcm04075,NCOA2
tcm04075,CALM
tcm04075,CALM1
tcm04075,CAML1
tcm04075,F2
tcm04075,SCN5A
tcm04075,KDR
tcm04075,PPARD
tcm04097,TOP2
tcm04097,TOP2A
tcm04106,PTGS1
tcm04106,PTGS2
tcm04106,HSP90
tcm04106,PIK3CG
tcm04106,NCOA2
tcm04106,AKR1B1
tcm04106,JUN
tcm04118,TOP2
tcm04118,TOP2A
tcm04119,NOS2
tcm04119,PTGS1
tcm04119,ESR1
tcm04119,PTGS2
tcm04119,ESR2
tcm04119,HSP90
tcm04119,PIK3CG
tcm04119,CHEK1
tcm04119,PRKACA
tcm04126,TOP2
tcm04126,TOP2A
tcm04133,PGR
tcm04133,PR
tcm04133,NCOA2
tcm00243,PGR
tcm00243,PR
tcm00243,NCOA2
tcm00243,PTGS1
tcm00243,PTGS2
tcm00243,HSP90
tcm00243,PIK3CG
tcm00243,KCNH2
tcm00243,PRKACA
tcm00243,D1R
tcm00243,DRD1
tcm00243,CHRM3
tcm00243,CHRM1
tcm00243,SCN5A
tcm00243,GABRA2 
tcm00243,GABRA2
tcm00243,CHRM4
tcm00243,PDE3A
tcm00243,HTR2A
tcm00243,GABRA5
tcm00243,ADRA1A
tcm00243,GABRA3
tcm00243,GABRA23
tcm00243,CHRM2
tcm00243,ADRA1B
tcm00243,ADRB2
tcm00243,CHRNA2
tcm00243,SLC6A4
tcm00243,OPRM1
tcm00243,GABRA1
tcm00243,CHRNA7
tcm00243,CYP101
tcm00243,CYP101A1
tcm00243,BCL2
tcm00243,BAX
tcm00243,CASP9
tcm00243,JUN
tcm00243,CASP3
tcm00243,CASP8
tcm00243,PRKCA
tcm00243,TGFB1
tcm00243,PON1
tcm00243,MAP2
tcm02677,PTGS1
tcm02677,PTGS2
tcm02677,HSP90
tcm02677,PIK3CG
tcm02677,PRKACA
tcm02677,NCOA2
tcm02677,PKIA
tcm02677,AKR1B1
tcm02677,IGHG1
tcm02677,CDKN1A
tcm02677,EIF6
tcm02677,BAX
tcm02677,TNF
tcm02677,CASP3
tcm02677,TP53
tcm02677,FASN
tcm02677,PRKCA
tcm02677,PRKCE
tcm02677,CDC2
tcm02677,PCNA
tcm02677,MYC
tcm02677,IL1B
tcm02677,PRKCD
tcm02677,CCNB1
tcm02759,PTGS1
tcm02759,ESR1
tcm02759,PTGS2
tcm02759,HSP90
tcm02759,BLAC
tcm02759,PRKACA
tcm02759,NCOA2
tcm02759,CALM
tcm02759,CALM1
tcm02759,CAML1
tcm02759,FASN
tcm02759,PPARG
tcm02759,KLF7
tcm00210,PTGS1
tcm00210,PTGS2
tcm00210,NCOA2
tcm01925,NOS2
tcm01925,PTGS1
tcm01925,PTGS2
tcm01925,DPP4
tcm01925,HSP90
tcm01925,PRKACA
tcm01925,PRSS1
tcm01925,NCOA2
tcm01925,NCOA1
tcm01925,CALM
tcm01925,CALM1
tcm01925,CAML1
tcm01185,PGR
tcm01185,PR
tcm01185,NR3C2
tcm01185,MR
tcm01185,NCOA2
tcm01931,NOS2
tcm01931,PTGS1
tcm01931,PTGS2
tcm01931,DPP4
tcm01931,HSP90
tcm01931,PRKACA
tcm01931,PRSS1
tcm01931,NCOA2
tcm01931,CALM
tcm01931,CALM1
tcm01931,CAML1
tcm01931,PIK3CG
tcm06599,PGR
tcm06599,PR
tcm06599,NCOA2
tcm06604,PGR
tcm06604,PR
tcm06604,NR3C2
tcm06604,MR
tcm06609,NR3C1
tcm06610,NR3C2
tcm06610,MR
tcm06617,PTGS1
tcm06617,PTGS2
tcm06618,F10
tcm06618,TOP2
tcm00490,ABAT
tcm00490,ABL1
tcm00490,ACADSB
tcm00490,ACOX1
tcm00490,ACSL3
tcm00490,ACSL4
tcm00490,ADH5
tcm00490,ALDH5A1
tcm00490,ARF1
tcm00490,ARF6
tcm00490,C8G
tcm00490,CALM1
tcm00490,CNR1
tcm00490,CNR2
tcm00490,CYP2C8
tcm00490,ECI2
tcm00490,ELOVL4
tcm00490,FADS1
tcm00490,FADS2
tcm00490,FFAR1
tcm00490,FKBP1A
tcm00490,FURIN
tcm00490,GLTP
tcm00490,GM2A
tcm00490,GUCA1A
tcm00490,HAO1
tcm00490,HDAC2
tcm00490,HDAC9
tcm00490,HNF4A
tcm00490,HNF4G
tcm00490,INS
tcm00490,LALBA
tcm00490,LIP3
tcm00490,LTB4R
tcm00490,LTB4R2
tcm00490,LTF
tcm00490,LY96
tcm00490,NCOA1
tcm00490,NR1H4
tcm00490,OGDH
tcm00490,PAEP
tcm00490,PKIA
tcm00490,PLA2G1B
tcm00490,PLA2G2A
tcm00490,PLA2G2D
tcm00490,PLA2G2E
tcm00490,PMP2
tcm00490,PPARA
tcm00490,PPARD
tcm00490,PPARG
tcm00490,PPA_RS05235
tcm00490,PPP3CA
tcm00490,PPP3R1
tcm00490,PPT1
tcm00490,PRKACA
tcm00490,PTGS1
tcm00490,PTGS2
tcm00490,PVR
tcm00490,RCVRN
tcm00490,RHO
tcm00490,RXRA
tcm00490,RXRB
tcm00490,RXRG
tcm00490,S100B
tcm00490,SCN10A
tcm00490,SCN11A
tcm00490,SCN1A
tcm00490,SCN1B
tcm00490,SCN2A
tcm00490,SCN2B
tcm00490,SCN3A
tcm00490,SCN3B
tcm00490,SCN4A
tcm00490,SCN4B
tcm00490,SCN5A
tcm00490,SCN7A
tcm00490,SCN8A
tcm00490,SCN9A
tcm00490,SEC14L2
tcm00490,SLC8A1
tcm00490,SREBF1
tcm00490,TLR4
tcm00490,TM1468
tcm00490,TRAPPC3
tcm00490,TRPV1
tcm00490,VLDLR
tcm00491,ABL1
tcm00491,ACSL3
tcm00491,ACSL4
tcm00491,ADH5
tcm00491,ARF1
tcm00491,ARF6
tcm00491,C8G
tcm00491,CALM1
tcm00491,CYP2C8
tcm00491,ECI2
tcm00491,ELOVL4
tcm00491,FADS1
tcm00491,FADS2
tcm00491,FFAR1
tcm00491,FKBP1A
tcm00491,FURIN
tcm00491,GLTP
tcm00491,GM2A
tcm00491,GUCA1A
tcm00491,HNF4A
tcm00491,HNF4G
tcm00491,INS
tcm00491,LALBA
tcm00491,LIP3
tcm00491,LTF
tcm00491,LY96
tcm00491,NCOA1
tcm00491,NR1H4
tcm00491,PAEP
tcm00491,PKIA
tcm00491,PLA2G1B
tcm00491,PLA2G2A
tcm00491,PLA2G2D
tcm00491,PLA2G2E
tcm00491,PMP2
tcm00491,PPARA
tcm00491,PPARD
tcm00491,PPARG
tcm00491,PPA_RS05235
tcm00491,PPP3CA
tcm00491,PPP3R1
tcm00491,PPT1
tcm00491,PRKACA
tcm00491,PTGS1
tcm00491,PTGS2
tcm00491,PVR
tcm00491,RCVRN
tcm00491,RHO
tcm00491,RXRA
tcm00491,RXRB
tcm00491,RXRG
tcm00491,SEC14L2
tcm00491,SLC8A1
tcm00491,SREBF1
tcm00491,TLR4
tcm00491,TM1468
tcm00491,TRAPPC3
tcm00491,TRPV1
tcm00491,VLDLR
tcm00507,ABAT
tcm00507,ABL1
tcm00507,ACADSB
tcm00507,ACOX1
tcm00507,ACSL3
tcm00507,ACSL4
tcm00507,ADH5
tcm00507,ALDH5A1
tcm00507,ARF1
tcm00507,ARF6
tcm00507,C8G
tcm00507,CALM1
tcm00507,CNR1
tcm00507,CNR2
tcm00507,CYP2C8
tcm00507,ECI2
tcm00507,ELOVL4
tcm00507,FADS1
tcm00507,FADS2
tcm00507,FFAR1
tcm00507,FKBP1A
tcm00507,FURIN
tcm00507,GLTP
tcm00507,GM2A
tcm00507,GUCA1A
tcm00507,HAO1
tcm00507,HDAC2
tcm00507,HDAC9
tcm00507,HNF4A
tcm00507,HNF4G
tcm00507,INS
tcm00507,LALBA
tcm00507,LIP3
tcm00507,LTB4R
tcm00507,LTB4R2
tcm00507,LTF
tcm00507,LY96
tcm00507,NCOA1
tcm00507,NR1H4
tcm00507,OGDH
tcm00507,PAEP
tcm00507,PKIA
tcm00507,PLA2G1B
tcm00507,PLA2G2A
tcm00507,PLA2G2D
tcm00507,PLA2G2E
tcm00507,PMP2
tcm00507,PPARA
tcm00507,PPARD
tcm00507,PPARG
tcm00507,PPA_RS05235
tcm00507,PPP3CA
tcm00507,PPP3R1
tcm00507,PPT1
tcm00507,PRKACA
tcm00507,PTGS1
tcm00507,PTGS2
tcm00507,PVR
tcm00507,RCVRN
tcm00507,RHO
tcm00507,RXRA
tcm00507,RXRB
tcm00507,RXRG
tcm00507,S100B
tcm00507,SCN10A
tcm00507,SCN11A
tcm00507,SCN1A
tcm00507,SCN1B
tcm00507,SCN2A
tcm00507,SCN2B
tcm00507,SCN3A
tcm00507,SCN3B
tcm00507,SCN4A
tcm00507,SCN4B
tcm00507,SCN5A
tcm00507,SCN7A
tcm00507,SCN8A
tcm00507,SCN9A
tcm00507,SEC14L2
tcm00507,SLC8A1
tcm00507,SREBF1
tcm00507,TLR4
tcm00507,TM1468
tcm00507,TRAPPC3
tcm00507,TRPV1
tcm00507,VLDLR
tcm01334,AKR1C1
tcm01334,AKR1C2
tcm01334,AR
tcm01334,CLEC4E
tcm01334,CYP27B1
tcm01334,ESR1
tcm01334,ESR2
tcm01334,GABRA1
tcm01334,GABRA2
tcm01334,GABRA3
tcm01334,GABRA4
tcm01334,GABRA5
tcm01334,GABRA6
tcm01334,GABRB1
tcm01334,GABRB2
tcm01334,GABRB3
tcm01334,GABRD
tcm01334,GABRE
tcm01334,GABRG1
tcm01334,GABRG2
tcm01334,GABRG3
tcm01334,GABRP
tcm01334,GABRQ
tcm01334,GRIN1
tcm01334,GRIN2A
tcm01334,GRIN2B
tcm01334,GRIN2C
tcm01334,GRIN2D
tcm01334,GRIN3A
tcm01334,GRIN3B
tcm01334,HOXA10
tcm01334,HSD17B1
tcm01334,LIP3
tcm01334,LSS
tcm01334,MED1
tcm01334,NCOA2
tcm01334,NFKB1
tcm01334,NFKB2
tcm01334,NR1I2
tcm01334,NR1I3
tcm01334,NR3C1
tcm01334,NR3C2
tcm01334,PGR
tcm01334,PPARA
tcm01334,RORA
tcm01334,RXRA
tcm01334,SHBG
tcm01334,SIGMAR1
tcm01334,SRD5A1
tcm01334,SULT2A1
tcm01334,SULT2B1
tcm01334,VDR
tcm02062,ALAD
tcm02062,ARG1
tcm02062,ARG2
tcm02062,GABBR1
tcm02062,GABBR2
tcm02062,GATM
tcm02062,LPA
tcm02062,OAT
tcm02062,OAZ1
tcm02062,OAZ2
tcm02062,OAZ3
tcm02062,OTC
tcm02062,PLAT
tcm02062,PLG
tcm02062,SLC25A15
tcm02062,SLC25A2
tcm02062,SLC7A1
tcm02062,SLC7A2
tcm02062,SLC7A3
tcm02062,SLC7A4
tcm02303,ABL1
tcm02303,ACSL3
tcm02303,ACSL4
tcm02303,ADH5
tcm02303,ARF1
tcm02303,ARF6
tcm02303,C8G
tcm02303,CALM1
tcm02303,CYP2C8
tcm02303,ECI2
tcm02303,ELOVL4
tcm02303,FADS1
tcm02303,FADS2
tcm02303,FFAR1
tcm02303,FKBP1A
tcm02303,FURIN
tcm02303,GLTP
tcm02303,GM2A
tcm02303,GUCA1A
tcm02303,HNF4A
tcm02303,HNF4G
tcm02303,INS
tcm02303,LALBA
tcm02303,LIP3
tcm02303,LTF
tcm02303,LY96
tcm02303,NCOA1
tcm02303,NR1H4
tcm02303,PAEP
tcm02303,PKIA
tcm02303,PLA2G1B
tcm02303,PLA2G2A
tcm02303,PLA2G2D
tcm02303,PLA2G2E
tcm02303,PMP2
tcm02303,PPARA
tcm02303,PPARD
tcm02303,PPARG
tcm02303,PPA_RS05235
tcm02303,PPP3CA
tcm02303,PPP3R1
tcm02303,PPT1
tcm02303,PRKACA
tcm02303,PTGS1
tcm02303,PTGS2
tcm02303,PVR
tcm02303,RCVRN
tcm02303,RHO
tcm02303,RXRA
tcm02303,S100B
tcm02303,SEC14L2
tcm02303,SLC8A1
tcm02303,TLR4
tcm02303,TM1468
tcm02303,TRAPPC3
tcm02303,TRPV1
tcm02303,VLDLR
tcm02625,ABAT
tcm02625,ABL1
tcm02625,ACADSB
tcm02625,ACOX1
tcm02625,ACSL3
tcm02625,ACSL4
tcm02625,ADH5
tcm02625,ALDH5A1
tcm02625,ARF1
tcm02625,ARF6
tcm02625,C8G
tcm02625,CALM1
tcm02625,CNR1
tcm02625,CNR2
tcm02625,CYP2C8
tcm02625,ECI2
tcm02625,ELOVL4
tcm02625,FADS1
tcm02625,FADS2
tcm02625,FFAR1
tcm02625,FKBP1A
tcm02625,FURIN
tcm02625,GLTP
tcm02625,GM2A
tcm02625,GUCA1A
tcm02625,HAO1
tcm02625,HDAC2
tcm02625,HDAC9
tcm02625,HNF4A
tcm02625,HNF4G
tcm02625,INS
tcm02625,LALBA
tcm02625,LIP3
tcm02625,LTB4R
tcm02625,LTB4R2
tcm02625,LTF
tcm02625,LY96
tcm02625,NCOA1
tcm02625,NR1H4
tcm02625,OGDH
tcm02625,PAEP
tcm02625,PKIA
tcm02625,PLA2G1B
tcm02625,PLA2G2A
tcm02625,PLA2G2D
tcm02625,PLA2G2E
tcm02625,PMP2
tcm02625,PPARA
tcm02625,PPARD
tcm02625,PPARG
tcm02625,PPA_RS05235
tcm02625,PPP3CA
tcm02625,PPP3R1
tcm02625,PPT1
tcm02625,PRKACA
tcm02625,PTGS1
tcm02625,PTGS2
tcm02625,PVR
tcm02625,RCVRN
tcm02625,RHO
tcm02625,RXRA
tcm02625,RXRB
tcm02625,RXRG
tcm02625,S100B
tcm02625,SCN10A
tcm02625,SCN11A
tcm02625,SCN1A
tcm02625,SCN1B
tcm02625,SCN2A
tcm02625,SCN2B
tcm02625,SCN3A
tcm02625,SCN3B
tcm02625,SCN4A
tcm02625,SCN4B
tcm02625,SCN5A
tcm02625,SCN7A
tcm02625,SCN8A
tcm02625,SCN9A
tcm02625,SEC14L2
tcm02625,SLC8A1
tcm02625,SREBF1
tcm02625,TLR4
tcm02625,TM1468
tcm02625,TRAPPC3
tcm02625,TRPV1
tcm02625,VLDLR
tcm04750,ABL1
tcm04750,ACSL3
tcm04750,ACSL4
tcm04750,ADH5
tcm04750,ARF1
tcm04750,ARF6
tcm04750,C8G
tcm04750,CALM1
tcm04750,CNR1
tcm04750,CNR2
tcm04750,CYP2C8
tcm04750,ECI2
tcm04750,ELOVL4
tcm04750,FADS1
tcm04750,FADS2
tcm04750,FFAR1
tcm04750,FKBP1A
tcm04750,FURIN
tcm04750,GLTP
tcm04750,GM2A
tcm04750,GUCA1A
tcm04750,HNF4A
tcm04750,HNF4G
tcm04750,INS
tcm04750,LALBA
tcm04750,LIP3
tcm04750,LTB4R
tcm04750,LTB4R2
tcm04750,LTF
tcm04750,LY96
tcm04750,NCOA1
tcm04750,NR1H4
tcm04750,PAEP
tcm04750,PKIA
tcm04750,PLA2G1B
tcm04750,PLA2G2A
tcm04750,PLA2G2D
tcm04750,PLA2G2E
tcm04750,PMP2
tcm04750,PPARA
tcm04750,PPARD
tcm04750,PPARG
tcm04750,PPA_RS05235
tcm04750,PPP3CA
tcm04750,PPP3R1
tcm04750,PPT1
tcm04750,PRKACA
tcm04750,PTGS1
tcm04750,PTGS2
tcm04750,PVR
tcm04750,RCVRN
tcm04750,RHO
tcm04750,RXRA
tcm04750,RXRB
tcm04750,RXRG
tcm04750,S100B
tcm04750,SEC14L2
tcm04750,SLC8A1
tcm04750,SREBF1
tcm04750,TLR4
tcm04750,TM1468
tcm04750,TRAPPC3
tcm04750,TRPV1
tcm04750,VLDLR
tcm06627,BLLF1
tcm06627,FAAH
tcm06628,ABCB1
tcm06628,BIRC5
tcm06629,ACOT13
tcm06629,DBI
tcm06629,RHO
tcm02985,ANXA1
tcm02985,HSD11B2
tcm02985,HSD3B1
tcm02985,NR3C1
tcm02985,PRKCA
tcm02985,PRKCD
tcm06630,ANXA1
tcm06630,ATP1A1
tcm06630,ATP1A2
tcm06630,ATP1A3
tcm06630,CASP3
tcm06630,GABRB3
tcm06630,GLRA3
tcm06630,HSD11B1
tcm06630,HSD11B2
tcm06630,HSD3B1
tcm06630,IL1B
tcm06630,IL6
tcm06630,LPL
tcm06630,NFKB1
tcm06630,NFKB2
tcm06630,NR3C1
tcm06630,PPP1CC
tcm06630,SLCO1B3
tcm06630,TNF
tcm06630,VDR
tcm06630,YWHAE
tcm06631,AKR1C1
tcm06631,AKR1C2
tcm06631,AR
tcm06631,CLEC4E
tcm06631,CYP27B1
tcm06631,ESR1
tcm06631,ESR2
tcm06631,GABRA1
tcm06631,GABRA2
tcm06631,GABRA3
tcm06631,GABRA4
tcm06631,GABRA5
tcm06631,GABRA6
tcm06631,GABRB1
tcm06631,GABRB2
tcm06631,GABRB3
tcm06631,GABRD
tcm06631,GABRE
tcm06631,GABRG1
tcm06631,GABRG2
tcm06631,GABRG3
tcm06631,GABRP
tcm06631,GABRQ
tcm06631,GRIN1
tcm06631,GRIN2A
tcm06631,GRIN2B
tcm06631,GRIN2C
tcm06631,GRIN2D
tcm06631,GRIN3A
tcm06631,GRIN3B
tcm06631,HOXA10
tcm06631,HSD17B1
tcm06631,LIP3
tcm06631,LSS
tcm06631,MED1
tcm06631,NCOA2
tcm06631,NFKB1
tcm06631,NFKB2
tcm06631,NR1I2
tcm06631,NR1I3
tcm06631,NR3C1
tcm06631,NR3C2
tcm06631,PGR
tcm06631,PPARA
tcm06631,RORA
tcm06631,RXRA
tcm06631,SHBG
tcm06631,SIGMAR1
tcm06631,SRD5A1
tcm06631,SULT2A1
tcm06631,SULT2B1
tcm06631,VDR
tcm06632,AKR1C1
tcm06632,AKR1C2
tcm06632,AR
tcm06632,CLEC4E
tcm06632,CYP27B1
tcm06632,ESR1
tcm06632,ESR2
tcm06632,GABRA1
tcm06632,GABRA2
tcm06632,GABRA3
tcm06632,GABRA4
tcm06632,GABRA5
tcm06632,GABRA6
tcm06632,GABRB1
tcm06632,GABRB2
tcm06632,GABRB3
tcm06632,GABRD
tcm06632,GABRE
tcm06632,GABRG1
tcm06632,GABRG2
tcm06632,GABRG3
tcm06632,GABRP
tcm06632,GABRQ
tcm06632,GRIN1
tcm06632,GRIN2A
tcm06632,GRIN2B
tcm06632,GRIN2C
tcm06632,GRIN2D
tcm06632,GRIN3A
tcm06632,GRIN3B
tcm06632,HOXA10
tcm06632,HSD17B1
tcm06632,LSS
tcm06632,MED1
tcm06632,NCOA2
tcm06632,NFKB1
tcm06632,NFKB2
tcm06632,NR1I2
tcm06632,NR1I3
tcm06632,NR3C1
tcm06632,NR3C2
tcm06632,PGR
tcm06632,PPARA
tcm06632,RORA
tcm06632,RXRA
tcm06632,SHBG
tcm06632,SIGMAR1
tcm06632,SRD5A1
tcm06632,SULT2A1
tcm06632,SULT2B1
tcm06632,VDR
tcm06633,AKR1C1
tcm06633,AKR1C2
tcm06633,AR
tcm06633,CLEC4E
tcm06633,CYP27B1
tcm06633,ESR1
tcm06633,ESR2
tcm06633,GABRA1
tcm06633,GABRA2
tcm06633,GABRA3
tcm06633,GABRA4
tcm06633,GABRA5
tcm06633,GABRA6
tcm06633,GABRB1
tcm06633,GABRB2
tcm06633,GABRB3
tcm06633,GABRD
tcm06633,GABRE
tcm06633,GABRG1
tcm06633,GABRG2
tcm06633,GABRG3
tcm06633,GABRP
tcm06633,GABRQ
tcm06633,GRIN1
tcm06633,GRIN2A
tcm06633,GRIN2B
tcm06633,GRIN2C
tcm06633,GRIN2D
tcm06633,GRIN3A
tcm06633,GRIN3B
tcm06633,HOXA10
tcm06633,HSD17B1
tcm06633,LIP3
tcm06633,LSS
tcm06633,MED1
tcm06633,NCOA2
tcm06633,NFKB1
tcm06633,NFKB2
tcm06633,NR1I2
tcm06633,NR1I3
tcm06633,NR3C1
tcm06633,NR3C2
tcm06633,PGR
tcm06633,PPARA
tcm06633,RORA
tcm06633,RXRA
tcm06633,SHBG
tcm06633,SIGMAR1
tcm06633,SRD5A1
tcm06633,SULT2A1
tcm06633,SULT2B1
tcm06633,VDR
tcm06634,AKR1C1
tcm06634,AKR1C2
tcm06634,AR
tcm06634,CLEC4E
tcm06634,CYP27B1
tcm06634,ESR1
tcm06634,ESR2
tcm06634,GABRA1
tcm06634,GABRA2
tcm06634,GABRA3
tcm06634,GABRA4
tcm06634,GABRA5
tcm06634,GABRA6
tcm06634,GABRB1
tcm06634,GABRB2
tcm06634,GABRB3
tcm06634,GABRD
tcm06634,GABRE
tcm06634,GABRG1
tcm06634,GABRG2
tcm06634,GABRG3
tcm06634,GABRP
tcm06634,GABRQ
tcm06634,GRIN1
tcm06634,GRIN2A
tcm06634,GRIN2B
tcm06634,GRIN2C
tcm06634,GRIN2D
tcm06634,GRIN3A
tcm06634,GRIN3B
tcm06634,HOXA10
tcm06634,HSD17B1
tcm06634,LSS
tcm06634,MED1
tcm06634,NCOA2
tcm06634,NFKB1
tcm06634,NFKB2
tcm06634,NR1I2
tcm06634,NR1I3
tcm06634,NR3C1
tcm06634,NR3C2
tcm06634,PGR
tcm06634,PPARA
tcm06634,RORA
tcm06634,RXRA
tcm06634,SHBG
tcm06634,SIGMAR1
tcm06634,SRD5A1
tcm06634,SULT2A1
tcm06634,SULT2B1
tcm06634,VDR
tcm06635,ANXA1
tcm06635,ATP1A1
tcm06635,ATP1A2
tcm06635,ATP1A3
tcm06635,CASP3
tcm06635,GABRB3
tcm06635,GLRA3
tcm06635,HSD11B1
tcm06635,HSD11B2
tcm06635,HSD3B1
tcm06635,LPL
tcm06635,NFKB1
tcm06635,NFKB2
tcm06635,NR3C1
tcm06635,PPP1CC
tcm06635,SLCO1B3
tcm06635,TNF
tcm06635,VDR
tcm06635,YWHAE
tcm01204,ADH1C
tcm01204,AKR1C1
tcm01204,AKR1C2
tcm01204,AR
tcm01204,CES1
tcm01204,CLEC4E
tcm01204,COX4I1
tcm01204,COX5A
tcm01204,COX5B
tcm01204,COX6A2
tcm01204,COX6B1
tcm01204,COX6C
tcm01204,COX7A1
tcm01204,COX7B
tcm01204,COX7C
tcm01204,COX8A
tcm01204,EFTUD1
tcm01204,ESR1
tcm01204,ESR2
tcm01204,ESRRG
tcm01204,FABP6
tcm01204,FECH
tcm01204,GABRA1
tcm01204,GABRA2
tcm01204,GABRA3
tcm01204,GABRA4
tcm01204,GABRA5
tcm01204,GABRA6
tcm01204,GABRB1
tcm01204,GABRB2
tcm01204,GABRB3
tcm01204,GABRD
tcm01204,GABRE
tcm01204,GABRG1
tcm01204,GABRG2
tcm01204,GABRG3
tcm01204,GABRP
tcm01204,GABRQ
tcm01204,GPBAR1
tcm01204,GRIN1
tcm01204,GRIN2A
tcm01204,GRIN2B
tcm01204,GRIN2C
tcm01204,GRIN2D
tcm01204,GRIN3A
tcm01204,GRIN3B
tcm01204,GSTP1
tcm01204,HOXA10
tcm01204,HSD11B1
tcm01204,HSD11B2
tcm01204,HSD17B1
tcm01204,IGHG2
tcm01204,LSS
tcm01204,MT-CO1
tcm01204,MT-CO2
tcm01204,MT-CO3
tcm01204,NCOA2
tcm01204,NFKB1
tcm01204,NFKB2
tcm01204,NPPB
tcm01204,NR1H4
tcm01204,NR1I2
tcm01204,NR1I3
tcm01204,NR3C1
tcm01204,NR3C2
tcm01204,PGR
tcm01204,PLA2G1B
tcm01204,PPARA
tcm01204,PRLR
tcm01204,RORA
tcm01204,SHBG
tcm01204,SIGMAR1
tcm01204,SULT2A1
tcm01204,SULT2B1
tcm01204,VDR
tcm01232,AKR1C1
tcm01232,AKR1C2
tcm01232,AR
tcm01232,CLEC4E
tcm01232,CYP27B1
tcm01232,ESR1
tcm01232,ESR2
tcm01232,GABRA1
tcm01232,GABRA2
tcm01232,GABRA3
tcm01232,GABRA4
tcm01232,GABRA5
tcm01232,GABRA6
tcm01232,GABRB1
tcm01232,GABRB2
tcm01232,GABRB3
tcm01232,GABRD
tcm01232,GABRE
tcm01232,GABRG1
tcm01232,GABRG2
tcm01232,GABRG3
tcm01232,GABRP
tcm01232,GABRQ
tcm01232,GRIN1
tcm01232,GRIN2A
tcm01232,GRIN2B
tcm01232,GRIN2C
tcm01232,GRIN2D
tcm01232,GRIN3A
tcm01232,GRIN3B
tcm01232,HOXA10
tcm01232,HSD17B1
tcm01232,IGHG2
tcm01232,LSS
tcm01232,NCOA2
tcm01232,NR1I2
tcm01232,NR1I3
tcm01232,NR3C1
tcm01232,NR3C2
tcm01232,PGR
tcm01232,PPARA
tcm01232,RORA
tcm01232,RXRA
tcm01232,SIGMAR1
tcm01232,SULT2A1
tcm01232,SULT2B1
tcm01232,VDR
tcm06636,AR
tcm06636,ESR1
tcm06636,ESR2
tcm06636,IGHG2
tcm06636,NR3C1
tcm06636,NR3C2
tcm06636,PGR
tcm06636,SHBG
tcm06591,ANXA1
tcm06591,AR
tcm06591,ATP1A1
tcm06591,GABRB3
tcm06591,GLRA3
tcm06591,HDAC2
tcm06591,HMGCR
tcm06591,HSD11B1
tcm06591,HSD11B2
tcm06591,HSD3B1
tcm06591,IGHG2
tcm06591,IL1B
tcm06591,IL6
tcm06591,NCOA1
tcm06591,NFKB1
tcm06591,NFKB2
tcm06591,NOS2
tcm06591,NR0B1
tcm06591,NR1I2
tcm06591,NR3C1
tcm06591,NR3C2
tcm06591,PRKCD
tcm06591,SLCO1B3
tcm06591,TNF
tcm06591,VDR
tcm06591,YWHAE
tcm06637,ANXA1
tcm06637,HSD11B1
tcm06637,HSD11B2
tcm06637,HSD3B1
tcm06637,IGHG2
tcm06637,NR3C1
tcm06637,NR3C2
tcm06638,IGHG1
tcm06638,LCN2
tcm05537,ABCB1
tcm05537,ACHE
tcm05537,CHRM2
tcm05537,CHRNA2
tcm05537,CHRNA7
tcm05537,HTR3A
tcm06639,ACOT13
tcm06639,DBI
tcm06639,RHO
tcm06640,IGKC
tcm06641,ANXA1
tcm06641,ATP1A1
tcm06641,ATP1A2
tcm06641,ATP1A3
tcm06641,CASP3
tcm06641,GABRB3
tcm06641,GLRA3
tcm06641,HSD11B1
tcm06641,HSD11B2
tcm06641,HSD3B1
tcm06641,LPL
tcm06641,NFKB1
tcm06641,NFKB2
tcm06641,NR3C1
tcm06641,PPP1CC
tcm06641,SLCO1B3
tcm06641,TNF
tcm06641,VDR
tcm06641,YWHAE
tcm06642,ABL1
tcm06642,ACSL3
tcm06642,ACSL4
tcm06642,ADH5
tcm06642,ARF1
tcm06642,ARF6
tcm06642,C8G
tcm06642,CALM1
tcm06642,CNR1
tcm06642,CNR2
tcm06642,CYP2C8
tcm06642,ECI2
tcm06642,ELOVL4
tcm06642,FADS1
tcm06642,FADS2
tcm06642,FFAR1
tcm06642,FKBP1A
tcm06642,FURIN
tcm06642,GLTP
tcm06642,GM2A
tcm06642,GUCA1A
tcm06642,HNF4A
tcm06642,HNF4G
tcm06642,INS
tcm06642,LALBA
tcm06642,LIP3
tcm06642,LTB4R
tcm06642,LTB4R2
tcm06642,LTF
tcm06642,LY96
tcm06642,NCOA1
tcm06642,NR1H4
tcm06642,PAEP
tcm06642,PKIA
tcm06642,PLA2G1B
tcm06642,PLA2G2A
tcm06642,PLA2G2D
tcm06642,PLA2G2E
tcm06642,PMP2
tcm06642,PPARA
tcm06642,PPARD
tcm06642,PPARG
tcm06642,PPA_RS05235
tcm06642,PPP3CA
tcm06642,PPP3R1
tcm06642,PPT1
tcm06642,PRKACA
tcm06642,PTGS1
tcm06642,PTGS2
tcm06642,PVR
tcm06642,RCVRN
tcm06642,RHO
tcm06642,RXRA
tcm06642,RXRB
tcm06642,RXRG
tcm06642,S100B
tcm06642,SEC14L2
tcm06642,SLC8A1
tcm06642,SREBF1
tcm06642,TLR4
tcm06642,TM1468
tcm06642,TRAPPC3
tcm06642,TRPV1
tcm06642,VLDLR
tcm06643,ABO
tcm06643,ATP1A1
tcm06643,ATP1A2
tcm06643,ATP1A3
tcm06643,IL1B
tcm06643,IL6
tcm06643,NFKB1
tcm06643,NFKB2
tcm06643,PPP1CC
tcm06643,RARG
tcm06643,SERPINA1
tcm06643,SLCO1B3
tcm06643,TNF
tcm06644,AKR1C1
tcm06644,AKR1C2
tcm06644,AR
tcm06644,CLEC4E
tcm06644,ESR1
tcm06644,ESR2
tcm06644,GABRA1
tcm06644,GABRA2
tcm06644,GABRA3
tcm06644,GABRA4
tcm06644,GABRA5
tcm06644,GABRA6
tcm06644,GABRB1
tcm06644,GABRB2
tcm06644,GABRB3
tcm06644,GABRD
tcm06644,GABRE
tcm06644,GABRG1
tcm06644,GABRG2
tcm06644,GABRG3
tcm06644,GABRP
tcm06644,GABRQ
tcm06644,GRIN1
tcm06644,GRIN2A
tcm06644,GRIN2B
tcm06644,GRIN2C
tcm06644,GRIN2D
tcm06644,GRIN3A
tcm06644,GRIN3B
tcm06644,HSD17B1
tcm06644,LSS
tcm06644,MED1
tcm06644,NCOA2
tcm06644,NR1I2
tcm06644,NR1I3
tcm06644,NR3C1
tcm06644,NR3C2
tcm06644,PGR
tcm06644,PPARA
tcm06644,RORA
tcm06644,SIGMAR1
tcm06644,SULT2A1
tcm06644,SULT2B1
tcm06644,VDR
tcm06645,ANXA1
tcm06645,AR
tcm06645,ESR1
tcm06645,HDAC2
tcm06645,HOXA10
tcm06645,HSD11B1
tcm06645,HSD11B2
tcm06645,HSD3B1
tcm06645,LSS
tcm06645,NCOA1
tcm06645,NPPB
tcm06645,NR3C1
tcm06645,NR3C2
tcm06645,VDR
tcm06646,AKR1C1
tcm06646,AKR1C2
tcm06646,AKR1D1
tcm06646,ALOX5
tcm06646,AR
tcm06646,CLEC4E
tcm06646,ESR1
tcm06646,ESR2
tcm06646,GABRA1
tcm06646,GABRA2
tcm06646,GABRA3
tcm06646,GABRA4
tcm06646,GABRA5
tcm06646,GABRA6
tcm06646,GABRB1
tcm06646,GABRB2
tcm06646,GABRB3
tcm06646,GABRD
tcm06646,GABRE
tcm06646,GABRG1
tcm06646,GABRG2
tcm06646,GABRG3
tcm06646,GABRP
tcm06646,GABRQ
tcm06646,GRIN1
tcm06646,GRIN2A
tcm06646,GRIN2B
tcm06646,GRIN2C
tcm06646,GRIN2D
tcm06646,GRIN3A
tcm06646,GRIN3B
tcm06646,HSD11B1
tcm06646,HSD11B2
tcm06646,HSD17B1
tcm06646,HSD17B11
tcm06646,IGHG2
tcm06646,LSS
tcm06646,NCOA2
tcm06646,NFKB1
tcm06646,NFKB2
tcm06646,NPPB
tcm06646,NR1I2
tcm06646,NR1I3
tcm06646,NR3C1
tcm06646,NR3C2
tcm06646,PGR
tcm06646,PPARA
tcm06646,PRLR
tcm06646,PTGS1
tcm06646,RORA
tcm06646,SHBG
tcm06646,SIGMAR1
tcm06646,SULT2A1
tcm06646,SULT2B1
tcm06646,VDR
tcm06647,ADH1C
tcm06647,AKR1C1
tcm06647,AKR1C2
tcm06647,AR
tcm06647,CES1
tcm06647,CLEC4E
tcm06647,COX4I1
tcm06647,COX5A
tcm06647,COX5B
tcm06647,COX6A2
tcm06647,COX6B1
tcm06647,COX6C
tcm06647,COX7A1
tcm06647,COX7B
tcm06647,COX7C
tcm06647,COX8A
tcm06647,EFTUD1
tcm06647,ESR1
tcm06647,ESR2
tcm06647,ESRRG
tcm06647,FABP6
tcm06647,FECH
tcm06647,GABRA1
tcm06647,GABRA2
tcm06647,GABRA3
tcm06647,GABRA4
tcm06647,GABRA5
tcm06647,GABRA6
tcm06647,GABRB1
tcm06647,GABRB2
tcm06647,GABRB3
tcm06647,GABRD
tcm06647,GABRE
tcm06647,GABRG1
tcm06647,GABRG2
tcm06647,GABRG3
tcm06647,GABRP
tcm06647,GABRQ
tcm06647,GPBAR1
tcm06647,GRIN1
tcm06647,GRIN2A
tcm06647,GRIN2B
tcm06647,GRIN2C
tcm06647,GRIN2D
tcm06647,GRIN3A
tcm06647,GRIN3B
tcm06647,GSTP1
tcm06647,HOXA10
tcm06647,HSD11B1
tcm06647,HSD11B2
tcm06647,HSD17B1
tcm06647,IGHG2
tcm06647,LSS
tcm06647,MT-CO1
tcm06647,MT-CO2
tcm06647,MT-CO3
tcm06647,NCOA2
tcm06647,NFKB1
tcm06647,NFKB2
tcm06647,NPPB
tcm06647,NR1H4
tcm06647,NR1I2
tcm06647,NR1I3
tcm06647,NR3C1
tcm06647,NR3C2
tcm06647,PGR
tcm06647,PLA2G1B
tcm06647,PPARA
tcm06647,PRLR
tcm06647,RORA
tcm06647,SHBG
tcm06647,SIGMAR1
tcm06647,SULT2A1
tcm06647,SULT2B1
tcm06647,VDR
tcm06648,ANXA1
tcm06648,CASP3
tcm06648,HSD11B1
tcm06648,HSD11B2
tcm06648,HSD3B1
tcm06648,LPL
tcm06648,NFKB1
tcm06648,NFKB2
tcm06648,NR3C1
tcm06648,TNF
tcm06649,IGHG1
tcm06649,LCN2
tcm06624,AR
tcm06624,CLEC4E
tcm06624,ESR1
tcm06624,HSD11B1
tcm06624,LSS
tcm06624,NCOA1
tcm06624,NR1I3
tcm06624,NR3C1
tcm06624,NR3C2
tcm06624,RORA
tcm06624,VDR
tcm06650,ABAT
tcm06650,ABL1
tcm06650,ACADSB
tcm06650,ACOX1
tcm06650,ACSL3
tcm06650,ACSL4
tcm06650,ADH5
tcm06650,ALDH5A1
tcm06650,ARF1
tcm06650,ARF6
tcm06650,C8G
tcm06650,CALM1
tcm06650,CNR1
tcm06650,CNR2
tcm06650,CYP2C8
tcm06650,ECI2
tcm06650,ELOVL4
tcm06650,FADS1
tcm06650,FADS2
tcm06650,FFAR1
tcm06650,FKBP1A
tcm06650,FURIN
tcm06650,GLTP
tcm06650,GM2A
tcm06650,GUCA1A
tcm06650,HAO1
tcm06650,HDAC2
tcm06650,HDAC9
tcm06650,HNF4A
tcm06650,HNF4G
tcm06650,INS
tcm06650,LALBA
tcm06650,LIP3
tcm06650,LTB4R
tcm06650,LTB4R2
tcm06650,LTF
tcm06650,LY96
tcm06650,NCOA1
tcm06650,NR1H4
tcm06650,OGDH
tcm06650,PAEP
tcm06650,PKIA
tcm06650,PLA2G1B
tcm06650,PLA2G2A
tcm06650,PLA2G2D
tcm06650,PLA2G2E
tcm06650,PMP2
tcm06650,PPARA
tcm06650,PPARD
tcm06650,PPARG
tcm06650,PPA_RS05235
tcm06650,PPP3CA
tcm06650,PPP3R1
tcm06650,PPT1
tcm06650,PRKACA
tcm06650,PTGS1
tcm06650,PTGS2
tcm06650,PVR
tcm06650,RCVRN
tcm06650,RHO
tcm06650,RXRA
tcm06650,RXRB
tcm06650,RXRG
tcm06650,S100B
tcm06650,SCN10A
tcm06650,SCN11A
tcm06650,SCN1A
tcm06650,SCN1B
tcm06650,SCN2A
tcm06650,SCN2B
tcm06650,SCN3A
tcm06650,SCN3B
tcm06650,SCN4A
tcm06650,SCN4B
tcm06650,SCN5A
tcm06650,SCN7A
tcm06650,SCN8A
tcm06650,SCN9A
tcm06650,SEC14L2
tcm06650,SLC8A1
tcm06650,SREBF1
tcm06650,TLR4
tcm06650,TM1468
tcm06650,TRAPPC3
tcm06650,TRPV1
tcm06650,VLDLR
tcm06651,IGHG1
tcm06651,LCN2
tcm06652,S100B
tcm00357,MAOB
tcm00357,NR1H4
tcm06653,DBI
tcm06653,RHO
tcm06654,ABL1
tcm06654,ACSL3
tcm06654,ACSL4
tcm06654,ADH5
tcm06654,ARF1
tcm06654,ARF6
tcm06654,C8G
tcm06654,CALM1
tcm06654,CNR1
tcm06654,CNR2
tcm06654,CYP2C8
tcm06654,ECI2
tcm06654,ELOVL4
tcm06654,FADS1
tcm06654,FADS2
tcm06654,FFAR1
tcm06654,FKBP1A
tcm06654,FURIN
tcm06654,GLTP
tcm06654,GM2A
tcm06654,GUCA1A
tcm06654,HNF4A
tcm06654,HNF4G
tcm06654,INS
tcm06654,LALBA
tcm06654,LIP3
tcm06654,LTB4R
tcm06654,LTB4R2
tcm06654,LTF
tcm06654,LY96
tcm06654,NCOA1
tcm06654,NR1H4
tcm06654,PAEP
tcm06654,PKIA
tcm06654,PLA2G1B
tcm06654,PLA2G2A
tcm06654,PLA2G2D
tcm06654,PLA2G2E
tcm06654,PMP2
tcm06654,PPARA
tcm06654,PPARD
tcm06654,PPARG
tcm06654,PPA_RS05235
tcm06654,PPP3CA
tcm06654,PPP3R1
tcm06654,PPT1
tcm06654,PRKACA
tcm06654,PTGS1
tcm06654,PTGS2
tcm06654,PVR
tcm06654,RCVRN
tcm06654,RHO
tcm06654,RXRA
tcm06654,RXRB
tcm06654,RXRG
tcm06654,SEC14L2
tcm06654,SLC8A1
tcm06654,SREBF1
tcm06654,TLR4
tcm06654,TM1468
tcm06654,TRAPPC3
tcm06654,TRPV1
tcm06654,VLDLR
tcm06655,ABCC5
tcm06655,AKR1C1
tcm06655,CBR1
tcm06655,EDNRA
tcm06655,GLO1
tcm06655,GSTP1
tcm06655,HSPA5
tcm06655,IKBKB
tcm06655,NFKB1
tcm06655,NFKB2
tcm06655,NFKBIA
tcm06655,PPARG
tcm06655,PRKAA1
tcm06655,PRKAA2
tcm06655,PRKAB1
tcm06655,PRKAB2
tcm06655,PRKAG1
tcm06655,PRKAG2
tcm06655,PRKAG3
tcm06655,PTGS1
tcm06655,PTGS2
tcm06655,RPS6KA3
tcm06655,SHBG
tcm06655,TP53
tcm06655,VDR
tcm09919,D1R
tcm09919,DRD1
tcm09919,CHRM3
tcm09919,F2
tcm09919,CHRM1
tcm09919,CHRM5
tcm09919,PTGS2
tcm09919,CA2
tcm09919,CHRM4
tcm09919,RXRA
tcm09919,OPRD1
tcm09919,ACHE
tcm09919,PDE3A
tcm09919,HTR2A
tcm09919,SLC6A2
tcm09919,ADRA1A
tcm09919,HTR2C
tcm09919,PGR
tcm09919,PR
tcm09919,CHRM2
tcm09919,OPRK1
tcm09919,SLC6A3
tcm09919,ADRB2
tcm09919,ADRA1D
tcm09919,SLC6A4
tcm09919,DRD2
tcm09919,OPRM1
tcm01846,NCOA2
tcm00475,PGR
tcm00475,PR
tcm00475,NCOA2
tcm00475,NR3C2
tcm00475,MR
tcm00252,PGR
tcm00252,PR
tcm00252,NR3C2
tcm00252,MR
tcm00252,NCOA2
tcm00252,ADH1C
tcm00252,IGHG1
tcm00252,RXRA
tcm00252,NCOA1
tcm00252,PTGS1
tcm00252,PTGS2
tcm00252,ADRA2A
tcm00252,SLC6A2
tcm00252,SLC6A3
tcm00252,ADRB2
tcm00252,AKR1B1
tcm00252,PLAU
tcm00252,LTA4H
tcm00252,MAOB
tcm00252,MAOA
tcm00252,PRKACA
tcm00252,CTRB1
tcm00252,CHRM3
tcm00252,CHRM1
tcm00252,ADRB1
tcm00252,SCN5A
tcm00252,HTR2A
tcm00252,ADRA1A
tcm00252,GABRA3
tcm00252,GABRA23
tcm00252,CHRM2
tcm00252,ADRA1B
tcm00252,GABRA1
tcm00252,CHRNA7
tcm02108,PTGS1
tcm02108,NCOA2
tcm01714,PGR
tcm01714,PR
tcm01714,NR3C2
tcm01714,MR
tcm01714,CYP101
tcm01714,CYP101A1
tcm01714,NCOA2
tcm00674,PGR
tcm00674,PR
tcm00686,PTGS1
tcm00686,ESR1
tcm00686,PTGS2
tcm00686,HSP90
tcm00686,BLAC
tcm00686,PRKACA
tcm00686,NCOA2
tcm00686,CALM
tcm00686,CALM1
tcm00686,CAML1
tcm00686,RXRA
tcm00686,CAT
tcm00686,HAS2
tcm04157,NOS2
tcm04157,ESR1
tcm04157,PPARG
tcm04157,PTGS2
tcm04157,KDR
tcm04157,MAPK14
tcm04157,GSK3B
tcm04157,CHEK1
tcm04157,PIM1
tcm04157,CCNA2
tcm04157,F2
tcm01185,PGR
tcm01185,PR
tcm01185,NR3C2
tcm01185,MR
tcm01185,NCOA2
tcm05815,NOS2
tcm05815,PTGS1
tcm05815,ESR1
tcm05815,AR
tcm05815,PPARG
tcm05815,PTGS2
tcm05815,CA2
tcm05815,PDE3A
tcm05815,ADRB2
tcm05815,ESR2
tcm05815,MAPK14
tcm05815,GSK3B
tcm05815,HSP90
tcm05815,CDK2
tcm05815,CHEK1
tcm05815,PRKACA
tcm05815,PIM1
tcm05815,CCNA2
tcm05815,CALM
tcm05815,CALM1
tcm05815,CAML1
tcm05878,F10
tcm05878,TOP2
tcm05878,F7
tcm05878,CALM
tcm05878,CALM1
tcm05878,CAML1
tcm05878,PTGS2
tcm05878,KDR
tcm05878,SOD1
tcm05883,NOS2
tcm05883,CHRM1
tcm05883,ESR1
tcm05883,AR
tcm05883,SCN5A
tcm05883,PPARG
tcm05883,PTGS2
tcm05883,RXRA
tcm05883,ACHE
tcm05883,ADRA1B
tcm05883,ADRB2
tcm05883,ESR2
tcm05883,MAPK14
tcm05883,GSK3B
tcm05883,CDK2
tcm05883,CHEK1
tcm05883,PRKACA
tcm05883,RXRB
tcm05883,IGHG1
tcm05883,PRSS1
tcm05883,PIM1
tcm05883,CCNA2
tcm05883,NCOA2
tcm05883,NCOA1
tcm05883,CALM
tcm05883,CALM1
tcm05883,CAML1
tcm05983,F2
tcm05983,ESR1
tcm05983,AR
tcm05983,PPARG
tcm05983,PTGS2
tcm05983,KDR
tcm05983,MAPK14
tcm05983,GSK3B
tcm05983,HSP90
tcm05983,CDK2
tcm05983,CHEK1
tcm05983,PRKACA
tcm05983,PIM1
tcm05983,CCNA2
tcm07571,PTGS1
tcm07571,CHRM3
tcm07571,CHRM1
tcm07571,ADRB1
tcm07571,SCN5A
tcm07571,PTGS2
tcm07571,ADRA2A
tcm07571,ADRA2C
tcm07571,CHRM4
tcm07571,RXRA
tcm07571,PDE3A
tcm07571,ADRA1A
tcm07571,ADRA2B
tcm07571,ADRA1B
tcm07571,SLC6A3
tcm07571,ADRB2
tcm07571,ADRA1D
tcm07571,SLC6A4
tcm07571,HSP90
tcm07571,NCOA2
tcm07571,CALM
tcm07571,CALM1
tcm07571,CAML1
tcm02260,PTGS1
tcm02260,D1R
tcm02260,DRD1
tcm02260,CHRM3
tcm02260,KCNH2
tcm02260,CHRM1
tcm02260,DRD5
tcm02260,SCN5A
tcm02260,F10
tcm02260,TOP2
tcm02260,CHRM5
tcm02260,PTGS2
tcm02260,CA2
tcm02260,ADRA2C
tcm02260,CHRM4
tcm02260,RXRA
tcm02260,OPRD1
tcm02260,HTR2A
tcm02260,ADRA1A
tcm02260,HTR2C
tcm02260,CHRM2
tcm02260,ADRA2B
tcm02260,ADRA1B
tcm02260,DRD3
tcm02260,SLC6A3
tcm02260,ADRB2
tcm02260,ADRA1D
tcm02260,SLC6A4
tcm02260,OPRM1
tcm02260,HSP90
tcm02260,PRKACA
tcm02260,CALM
tcm02260,CALM1
tcm02260,CAML1
tcm09916,ABL1
tcm09916,ADH5
tcm09916,ARF1
tcm09916,ARF6
tcm09916,C8G
tcm09916,CALM1
tcm09916,CYP2C8
tcm09916,ECI2
tcm09916,FKBP1A
tcm09916,FURIN
tcm09916,GLTP
tcm09916,GM2A
tcm09916,GUCA1A
tcm09916,HNF4A
tcm09916,HNF4G
tcm09916,INS
tcm09916,LALBA
tcm09916,LIP3
tcm09916,LTF
tcm09916,LY96
tcm09916,NCOA1
tcm09916,NR1H4
tcm09916,PAEP
tcm09916,PKIA
tcm09916,PLA2G1B
tcm09916,PLA2G2A
tcm09916,PLA2G2D
tcm09916,PLA2G2E
tcm09916,PMP2
tcm09916,PPARA
tcm09916,PPARD
tcm09916,PPARG
tcm09916,PPA_RS05235
tcm09916,PPP3CA
tcm09916,PPP3R1
tcm09916,PPT1
tcm09916,PRKACA
tcm09916,PTGS1
tcm09916,PTGS2
tcm09916,PVR
tcm09916,RCVRN
tcm09916,RHO
tcm09916,RXRA
tcm09916,S100B
tcm09916,SEC14L2
tcm09916,TLR4
tcm09916,TM1468
tcm09916,TRAPPC3
tcm09916,VLDLR
tcm09918,ABL1
tcm09918,ACOX1
tcm09918,ADH5
tcm09918,ARF1
tcm09918,ARF6
tcm09918,C8G
tcm09918,CALM1
tcm09918,CNR1
tcm09918,CNR2
tcm09918,CYP2C8
tcm09918,ECI2
tcm09918,FKBP1A
tcm09918,FURIN
tcm09918,GLTP
tcm09918,GM2A
tcm09918,GUCA1A
tcm09918,HAO1
tcm09918,HNF4A
tcm09918,HNF4G
tcm09918,INS
tcm09918,LALBA
tcm09918,LIP3
tcm09918,LTB4R
tcm09918,LTB4R2
tcm09918,LTF
tcm09918,LY96
tcm09918,NCOA1
tcm09918,PAEP
tcm09918,PKIA
tcm09918,PLA2G1B
tcm09918,PLA2G2A
tcm09918,PLA2G2D
tcm09918,PLA2G2E
tcm09918,PMP2
tcm09918,PPARA
tcm09918,PPARG
tcm09918,PPP3CA
tcm09918,PPP3R1
tcm09918,PPT1
tcm09918,PRKACA
tcm09918,PVR
tcm09918,RCVRN
tcm09918,RHO
tcm09918,SEC14L2
tcm09918,TLR4
tcm09918,TM1468
tcm09918,TRAPPC3
tcm09918,TRPV1
tcm09918,VLDLR
tcm09919,AKR1D1
tcm09919,AR
tcm09919,ATP6
tcm09919,BECN1
tcm09919,CHRNA4
tcm09919,CYP19A1
tcm09919,ESR1
tcm09919,ESR2
tcm09919,ESRRG
tcm09919,GPER1
tcm09919,HSD17B1
tcm09919,HSD17B11
tcm09919,HSD17B2
tcm09919,IGHG2
tcm09919,NCOA2
tcm09919,NCOA5
tcm09919,NR1I2
tcm09919,NR3C2
tcm09919,SHBG
tcm09919,SULT2A1
tcm09921,ABL1
tcm09921,ACSL3
tcm09921,ACSL4
tcm09921,ADH5
tcm09921,ARF1
tcm09921,ARF6
tcm09921,C8G
tcm09921,CALM1
tcm09921,CNR1
tcm09921,CNR2
tcm09921,CYP2C8
tcm09921,ECI2
tcm09921,ELOVL4
tcm09921,FADS1
tcm09921,FADS2
tcm09921,FFAR1
tcm09921,FKBP1A
tcm09921,FURIN
tcm09921,GLTP
tcm09921,GM2A
tcm09921,GUCA1A
tcm09921,HNF4A
tcm09921,HNF4G
tcm09921,INS
tcm09921,LALBA
tcm09921,LIP3
tcm09921,LTB4R
tcm09921,LTB4R2
tcm09921,LTF
tcm09921,LY96
tcm09921,NCOA1
tcm09921,NR1H4
tcm09921,PAEP
tcm09921,PKIA
tcm09921,PLA2G1B
tcm09921,PLA2G2A
tcm09921,PLA2G2D
tcm09921,PLA2G2E
tcm09921,PMP2
tcm09921,PPARA
tcm09921,PPARD
tcm09921,PPARG
tcm09921,PPA_RS05235
tcm09921,PPP3CA
tcm09921,PPP3R1
tcm09921,PPT1
tcm09921,PRKACA
tcm09921,PTGS1
tcm09921,PTGS2
tcm09921,PVR
tcm09921,RCVRN
tcm09921,RHO
tcm09921,RXRA
tcm09921,RXRB
tcm09921,RXRG
tcm09921,S100B
tcm09921,SEC14L2
tcm09921,SLC8A1
tcm09921,SREBF1
tcm09921,TLR4
tcm09921,TM1468
tcm09921,TRAPPC3
tcm09921,TRPV1
tcm09921,VLDLR
tcm09930,ABL1
tcm09930,ACSL3
tcm09930,ACSL4
tcm09930,ADH5
tcm09930,ARF1
tcm09930,ARF6
tcm09930,C8G
tcm09930,CALM1
tcm09930,CNR1
tcm09930,CNR2
tcm09930,CYP2C8
tcm09930,ECI2
tcm09930,ELOVL4
tcm09930,FADS1
tcm09930,FADS2
tcm09930,FFAR1
tcm09930,FKBP1A
tcm09930,FURIN
tcm09930,GLTP
tcm09930,GM2A
tcm09930,GUCA1A
tcm09930,HNF4A
tcm09930,HNF4G
tcm09930,INS
tcm09930,LALBA
tcm09930,LIP3
tcm09930,LTB4R
tcm09930,LTB4R2
tcm09930,LTF
tcm09930,LY96
tcm09930,NCOA1
tcm09930,NR1H4
tcm09930,PAEP
tcm09930,PKIA
tcm09930,PLA2G1B
tcm09930,PLA2G2A
tcm09930,PLA2G2D
tcm09930,PLA2G2E
tcm09930,PMP2
tcm09930,PPARA
tcm09930,PPARD
tcm09930,PPARG
tcm09930,PPA_RS05235
tcm09930,PPP3CA
tcm09930,PPP3R1
tcm09930,PPT1
tcm09930,PRKACA
tcm09930,PTGS1
tcm09930,PTGS2
tcm09930,PVR
tcm09930,RCVRN
tcm09930,RHO
tcm09930,RXRA
tcm09930,RXRB
tcm09930,RXRG
tcm09930,S100B
tcm09930,SEC14L2
tcm09930,SLC8A1
tcm09930,SREBF1
tcm09930,TLR4
tcm09930,TM1468
tcm09930,TRAPPC3
tcm09930,TRPV1
tcm09930,VLDLR
tcm09924,ABL1
tcm09924,ACOX1
tcm09924,ADH5
tcm09924,ARF1
tcm09924,ARF6
tcm09924,C8G
tcm09924,CALM1
tcm09924,CNR1
tcm09924,CNR2
tcm09924,CYP2C8
tcm09924,ECI2
tcm09924,FKBP1A
tcm09924,FURIN
tcm09924,GLTP
tcm09924,GM2A
tcm09924,GUCA1A
tcm09924,HAO1
tcm09924,HNF4A
tcm09924,HNF4G
tcm09924,INS
tcm09924,LALBA
tcm09924,LIP3
tcm09924,LTB4R
tcm09924,LTB4R2
tcm09924,LTF
tcm09924,LY96
tcm09924,NCOA1
tcm09924,PAEP
tcm09924,PKIA
tcm09924,PLA2G1B
tcm09924,PLA2G2A
tcm09924,PLA2G2D
tcm09924,PLA2G2E
tcm09924,PMP2
tcm09924,PPARA
tcm09924,PPARG
tcm09924,PPP3CA
tcm09924,PPP3R1
tcm09924,PPT1
tcm09924,PRKACA
tcm09924,PVR
tcm09924,RCVRN
tcm09924,RHO
tcm09924,SEC14L2
tcm09924,TLR4
tcm09924,TM1468
tcm09924,TRAPPC3
tcm09924,TRPV1
tcm09924,VLDLR
tcm08357,ABAT
tcm08357,ABL1
tcm08357,ACADSB
tcm08357,ADH5
tcm08357,ALDH5A1
tcm08357,ARF1
tcm08357,ARF6
tcm08357,C8G
tcm08357,CALM1
tcm08357,CYP2C8
tcm08357,ECI2
tcm08357,FKBP1A
tcm08357,FURIN
tcm08357,GLTP
tcm08357,GM2A
tcm08357,GUCA1A
tcm08357,HDAC2
tcm08357,HDAC9
tcm08357,HNF4A
tcm08357,HNF4G
tcm08357,INS
tcm08357,LALBA
tcm08357,LIP3
tcm08357,LTF
tcm08357,LY96
tcm08357,NCOA1
tcm08357,NR1H4
tcm08357,OGDH
tcm08357,PAEP
tcm08357,PKIA
tcm08357,PLA2G1B
tcm08357,PLA2G2A
tcm08357,PLA2G2D
tcm08357,PLA2G2E
tcm08357,PMP2
tcm08357,PPARA
tcm08357,PPARD
tcm08357,PPARG
tcm08357,PPA_RS05235
tcm08357,PPP3CA
tcm08357,PPP3R1
tcm08357,PPT1
tcm08357,PRKACA
tcm08357,PTGS1
tcm08357,PTGS2
tcm08357,PVR
tcm08357,RCVRN
tcm08357,RHO
tcm08357,RXRA
tcm08357,S100B
tcm08357,SCN10A
tcm08357,SCN11A
tcm08357,SCN1A
tcm08357,SCN1B
tcm08357,SCN2A
tcm08357,SCN2B
tcm08357,SCN3A
tcm08357,SCN3B
tcm08357,SCN4A
tcm08357,SCN4B
tcm08357,SCN5A
tcm08357,SCN7A
tcm08357,SCN8A
tcm08357,SCN9A
tcm08357,SEC14L2
tcm08357,TLR4
tcm08357,TM1468
tcm08357,TRAPPC3
tcm08357,VLDLR
tcm00487,ABAT
tcm00487,ABL1
tcm00487,ACADSB
tcm00487,ACOX1
tcm00487,ACSL3
tcm00487,ACSL4
tcm00487,ADH5
tcm00487,ALDH5A1
tcm00487,ARF1
tcm00487,ARF6
tcm00487,C8G
tcm00487,CALM1
tcm00487,CNR1
tcm00487,CNR2
tcm00487,CYP2C8
tcm00487,ECI2
tcm00487,ELOVL4
tcm00487,FADS1
tcm00487,FADS2
tcm00487,FFAR1
tcm00487,FKBP1A
tcm00487,FURIN
tcm00487,GLTP
tcm00487,GM2A
tcm00487,GUCA1A
tcm00487,HAO1
tcm00487,HDAC2
tcm00487,HDAC9
tcm00487,HNF4A
tcm00487,HNF4G
tcm00487,INS
tcm00487,LALBA
tcm00487,LIP3
tcm00487,LTB4R
tcm00487,LTB4R2
tcm00487,LTF
tcm00487,LY96
tcm00487,NCOA1
tcm00487,NR1H4
tcm00487,OGDH
tcm00487,PAEP
tcm00487,PKIA
tcm00487,PLA2G1B
tcm00487,PLA2G2A
tcm00487,PLA2G2D
tcm00487,PLA2G2E
tcm00487,PMP2
tcm00487,PPARA
tcm00487,PPARD
tcm00487,PPARG
tcm00487,PPA_RS05235
tcm00487,PPP3CA
tcm00487,PPP3R1
tcm00487,PPT1
tcm00487,PRKACA
tcm00487,PTGS1
tcm00487,PTGS2
tcm00487,PVR
tcm00487,RCVRN
tcm00487,RHO
tcm00487,RXRA
tcm00487,RXRB
tcm00487,RXRG
tcm00487,S100B
tcm00487,SCN10A
tcm00487,SCN11A
tcm00487,SCN1A
tcm00487,SCN1B
tcm00487,SCN2A
tcm00487,SCN2B
tcm00487,SCN3A
tcm00487,SCN3B
tcm00487,SCN4A
tcm00487,SCN4B
tcm00487,SCN5A
tcm00487,SCN7A
tcm00487,SCN8A
tcm00487,SCN9A
tcm00487,SEC14L2
tcm00487,SLC8A1
tcm00487,SREBF1
tcm00487,TLR4
tcm00487,TM1468
tcm00487,TRAPPC3
tcm00487,TRPV1
tcm00487,VLDLR
tcm02908,DBI
tcm02908,RHO
tcm02308,MAOB
tcm02308,NR1H4
tcm00493,ABAT
tcm00493,ABL1
tcm00493,ACADSB
tcm00493,ACOX1
tcm00493,ACSL3
tcm00493,ACSL4
tcm00493,ADH5
tcm00493,ALDH5A1
tcm00493,ARF1
tcm00493,ARF6
tcm00493,C8G
tcm00493,CALM1
tcm00493,CNR1
tcm00493,CNR2
tcm00493,CYP2C8
tcm00493,ECI2
tcm00493,ELOVL4
tcm00493,FADS1
tcm00493,FADS2
tcm00493,FFAR1
tcm00493,FKBP1A
tcm00493,FURIN
tcm00493,GLTP
tcm00493,GM2A
tcm00493,GUCA1A
tcm00493,HAO1
tcm00493,HDAC2
tcm00493,HDAC9
tcm00493,HNF4A
tcm00493,HNF4G
tcm00493,INS
tcm00493,LALBA
tcm00493,LIP3
tcm00493,LTB4R
tcm00493,LTB4R2
tcm00493,LTF
tcm00493,LY96
tcm00493,NCOA1
tcm00493,NR1H4
tcm00493,OGDH
tcm00493,PAEP
tcm00493,PKIA
tcm00493,PLA2G1B
tcm00493,PLA2G2A
tcm00493,PLA2G2D
tcm00493,PLA2G2E
tcm00493,PMP2
tcm00493,PPARA
tcm00493,PPARD
tcm00493,PPARG
tcm00493,PPA_RS05235
tcm00493,PPP3CA
tcm00493,PPP3R1
tcm00493,PPT1
tcm00493,PRKACA
tcm00493,PTGS1
tcm00493,PTGS2
tcm00493,PVR
tcm00493,RCVRN
tcm00493,RHO
tcm00493,RXRA
tcm00493,RXRB
tcm00493,RXRG
tcm00493,S100B
tcm00493,SCN10A
tcm00493,SCN11A
tcm00493,SCN1A
tcm00493,SCN1B
tcm00493,SCN2A
tcm00493,SCN2B
tcm00493,SCN3A
tcm00493,SCN3B
tcm00493,SCN4A
tcm00493,SCN4B
tcm00493,SCN5A
tcm00493,SCN7A
tcm00493,SCN8A
tcm00493,SCN9A
tcm00493,SEC14L2
tcm00493,SLC8A1
tcm00493,SREBF1
tcm00493,TLR4
tcm00493,TM1468
tcm00493,TRAPPC3
tcm00493,TRPV1
tcm00493,VLDLR
tcm00357,MAOB
tcm00357,NR1H4
tcm04575,ABAT
tcm04575,ABL1
tcm04575,ACADSB
tcm04575,ACOX1
tcm04575,ACSL3
tcm04575,ACSL4
tcm04575,ADH5
tcm04575,ALDH5A1
tcm04575,ARF1
tcm04575,ARF6
tcm04575,C8G
tcm04575,CALM1
tcm04575,CNR1
tcm04575,CNR2
tcm04575,CYP2C8
tcm04575,ECI2
tcm04575,ELOVL4
tcm04575,FADS1
tcm04575,FADS2
tcm04575,FFAR1
tcm04575,FKBP1A
tcm04575,FURIN
tcm04575,GLTP
tcm04575,GM2A
tcm04575,GUCA1A
tcm04575,HAO1
tcm04575,HDAC2
tcm04575,HDAC9
tcm04575,HNF4A
tcm04575,HNF4G
tcm04575,INS
tcm04575,LALBA
tcm04575,LIP3
tcm04575,LTB4R
tcm04575,LTB4R2
tcm04575,LTF
tcm04575,LY96
tcm04575,NCOA1
tcm04575,NR1H4
tcm04575,OGDH
tcm04575,PAEP
tcm04575,PKIA
tcm04575,PLA2G1B
tcm04575,PLA2G2A
tcm04575,PLA2G2D
tcm04575,PLA2G2E
tcm04575,PMP2
tcm04575,PPARA
tcm04575,PPARD
tcm04575,PPARG
tcm04575,PPA_RS05235
tcm04575,PPP3CA
tcm04575,PPP3R1
tcm04575,PPT1
tcm04575,PRKACA
tcm04575,PTGS1
tcm04575,PTGS2
tcm04575,PVR
tcm04575,RCVRN
tcm04575,RHO
tcm04575,RXRA
tcm04575,RXRB
tcm04575,RXRG
tcm04575,S100B
tcm04575,SCN10A
tcm04575,SCN11A
tcm04575,SCN1A
tcm04575,SCN1B
tcm04575,SCN2A
tcm04575,SCN2B
tcm04575,SCN3A
tcm04575,SCN3B
tcm04575,SCN4A
tcm04575,SCN4B
tcm04575,SCN5A
tcm04575,SCN7A
tcm04575,SCN8A
tcm04575,SCN9A
tcm04575,SEC14L2
tcm04575,SLC8A1
tcm04575,SREBF1
tcm04575,TLR4
tcm04575,TM1468
tcm04575,TRAPPC3
tcm04575,TRPV1
tcm04575,VLDLR
tcm00469,IGHG1
tcm00469,LCN2
tcm04750,ABL1
tcm04750,ACSL3
tcm04750,ACSL4
tcm04750,ADH5
tcm04750,ARF1
tcm04750,ARF6
tcm04750,C8G
tcm04750,CALM1
tcm04750,CNR1
tcm04750,CNR2
tcm04750,CYP2C8
tcm04750,ECI2
tcm04750,ELOVL4
tcm04750,FADS1
tcm04750,FADS2
tcm04750,FFAR1
tcm04750,FKBP1A
tcm04750,FURIN
tcm04750,GLTP
tcm04750,GM2A
tcm04750,GUCA1A
tcm04750,HNF4A
tcm04750,HNF4G
tcm04750,INS
tcm04750,LALBA
tcm04750,LIP3
tcm04750,LTB4R
tcm04750,LTB4R2
tcm04750,LTF
tcm04750,LY96
tcm04750,NCOA1
tcm04750,NR1H4
tcm04750,PAEP
tcm04750,PKIA
tcm04750,PLA2G1B
tcm04750,PLA2G2A
tcm04750,PLA2G2D
tcm04750,PLA2G2E
tcm04750,PMP2
tcm04750,PPARA
tcm04750,PPARD
tcm04750,PPARG
tcm04750,PPA_RS05235
tcm04750,PPP3CA
tcm04750,PPP3R1
tcm04750,PPT1
tcm04750,PRKACA
tcm04750,PTGS1
tcm04750,PTGS2
tcm04750,PVR
tcm04750,RCVRN
tcm04750,RHO
tcm04750,RXRA
tcm04750,RXRB
tcm04750,RXRG
tcm04750,S100B
tcm04750,SEC14L2
tcm04750,SLC8A1
tcm04750,SREBF1
tcm04750,TLR4
tcm04750,TM1468
tcm04750,TRAPPC3
tcm04750,TRPV1
tcm04750,VLDLR
tcm04583,IGHG1
tcm04583,LCN2
tcm01846,ABL1
tcm01846,ACSL3
tcm01846,ACSL4
tcm01846,ADH5
tcm01846,ARF1
tcm01846,ARF6
tcm01846,C8G
tcm01846,CALM1
tcm01846,CNR1
tcm01846,CNR2
tcm01846,CYP2C8
tcm01846,ECI2
tcm01846,ELOVL4
tcm01846,FADS1
tcm01846,FADS2
tcm01846,FFAR1
tcm01846,FKBP1A
tcm01846,FURIN
tcm01846,GLTP
tcm01846,GM2A
tcm01846,GUCA1A
tcm01846,HNF4A
tcm01846,HNF4G
tcm01846,INS
tcm01846,LALBA
tcm01846,LIP3
tcm01846,LTB4R
tcm01846,LTB4R2
tcm01846,LTF
tcm01846,LY96
tcm01846,NCOA1
tcm01846,NR1H4
tcm01846,PAEP
tcm01846,PKIA
tcm01846,PLA2G1B
tcm01846,PLA2G2A
tcm01846,PLA2G2D
tcm01846,PLA2G2E
tcm01846,PMP2
tcm01846,PPARA
tcm01846,PPARD
tcm01846,PPARG
tcm01846,PPA_RS05235
tcm01846,PPP3CA
tcm01846,PPP3R1
tcm01846,PPT1
tcm01846,PRKACA
tcm01846,PTGS1
tcm01846,PTGS2
tcm01846,PVR
tcm01846,RCVRN
tcm01846,RHO
tcm01846,RXRA
tcm01846,RXRB
tcm01846,RXRG
tcm01846,S100B
tcm01846,SEC14L2
tcm01846,SLC8A1
tcm01846,SREBF1
tcm01846,TLR4
tcm01846,TM1468
tcm01846,TRAPPC3
tcm01846,TRPV1
tcm01846,VLDLR
tcm06513,ALDH1A1
tcm06513,ALDH1A2
tcm06513,CYP26A1
tcm06513,CYP26B1
tcm06513,CYP26C1
tcm06513,GPRC5A
tcm06513,HPGDS
tcm06513,IGFBP3
tcm06513,LCN1
tcm06513,NR0B1
tcm06513,OBP2A
tcm06513,PDK4
tcm06513,PSG5
tcm06513,RARA
tcm06513,RARB
tcm06513,RARG
tcm06513,RARRES1
tcm06513,RBP4
tcm06513,RXRA
tcm06513,RXRB
tcm06513,RXRG
tcm05140,IGKC
tcm00490,ABAT
tcm00490,ABL1
tcm00490,ACADSB
tcm00490,ACOX1
tcm00490,ACSL3
tcm00490,ACSL4
tcm00490,ADH5
tcm00490,ALDH5A1
tcm00490,ARF1
tcm00490,ARF6
tcm00490,C8G
tcm00490,CALM1
tcm00490,CNR1
tcm00490,CNR2
tcm00490,CYP2C8
tcm00490,ECI2
tcm00490,ELOVL4
tcm00490,FADS1
tcm00490,FADS2
tcm00490,FFAR1
tcm00490,FKBP1A
tcm00490,FURIN
tcm00490,GLTP
tcm00490,GM2A
tcm00490,GUCA1A
tcm00490,HAO1
tcm00490,HDAC2
tcm00490,HDAC9
tcm00490,HNF4A
tcm00490,HNF4G
tcm00490,INS
tcm00490,LALBA
tcm00490,LIP3
tcm00490,LTB4R
tcm00490,LTB4R2
tcm00490,LTF
tcm00490,LY96
tcm00490,NCOA1
tcm00490,NR1H4
tcm00490,OGDH
tcm00490,PAEP
tcm00490,PKIA
tcm00490,PLA2G1B
tcm00490,PLA2G2A
tcm00490,PLA2G2D
tcm00490,PLA2G2E
tcm00490,PMP2
tcm00490,PPARA
tcm00490,PPARD
tcm00490,PPARG
tcm00490,PPA_RS05235
tcm00490,PPP3CA
tcm00490,PPP3R1
tcm00490,PPT1
tcm00490,PRKACA
tcm00490,PTGS1
tcm00490,PTGS2
tcm00490,PVR
tcm00490,RCVRN
tcm00490,RHO
tcm00490,RXRA
tcm00490,RXRB
tcm00490,RXRG
tcm00490,S100B
tcm00490,SCN10A
tcm00490,SCN11A
tcm00490,SCN1A
tcm00490,SCN1B
tcm00490,SCN2A
tcm00490,SCN2B
tcm00490,SCN3A
tcm00490,SCN3B
tcm00490,SCN4A
tcm00490,SCN4B
tcm00490,SCN5A
tcm00490,SCN7A
tcm00490,SCN8A
tcm00490,SCN9A
tcm00490,SEC14L2
tcm00490,SLC8A1
tcm00490,SREBF1
tcm00490,TLR4
tcm00490,TM1468
tcm00490,TRAPPC3
tcm00490,TRPV1
tcm00490,VLDLR
tcm00475,AKR1C1
tcm00475,AKR1C2
tcm00475,AR
tcm00475,CLEC4E
tcm00475,ESR1
tcm00475,ESR2
tcm00475,GABRA1
tcm00475,GABRA2
tcm00475,GABRA3
tcm00475,GABRA4
tcm00475,GABRA5
tcm00475,GABRA6
tcm00475,GABRB1
tcm00475,GABRB2
tcm00475,GABRB3
tcm00475,GABRD
tcm00475,GABRE
tcm00475,GABRG1
tcm00475,GABRG2
tcm00475,GABRG3
tcm00475,GABRP
tcm00475,GABRQ
tcm00475,GRIN1
tcm00475,GRIN2A
tcm00475,GRIN2B
tcm00475,GRIN2C
tcm00475,GRIN2D
tcm00475,GRIN3A
tcm00475,GRIN3B
tcm00475,HSD17B1
tcm00475,LIP3
tcm00475,LSS
tcm00475,NR1I2
tcm00475,NR1I3
tcm00475,NR3C1
tcm00475,PPARA
tcm00475,RORA
tcm00475,SIGMAR1
tcm00475,SULT2A1
tcm00475,SULT2B1
tcm00475,VDR
tcm04743,ABAT
tcm04743,ABL1
tcm04743,ACADSB
tcm04743,ACOX1
tcm04743,ACSL3
tcm04743,ACSL4
tcm04743,ADH5
tcm04743,ALDH5A1
tcm04743,ARF1
tcm04743,ARF6
tcm04743,C8G
tcm04743,CALM1
tcm04743,CNR1
tcm04743,CNR2
tcm04743,CYP2C8
tcm04743,ECI2
tcm04743,ELOVL4
tcm04743,FADS1
tcm04743,FADS2
tcm04743,FFAR1
tcm04743,FKBP1A
tcm04743,FURIN
tcm04743,GLTP
tcm04743,GM2A
tcm04743,GUCA1A
tcm04743,HAO1
tcm04743,HDAC2
tcm04743,HDAC9
tcm04743,HNF4A
tcm04743,HNF4G
tcm04743,INS
tcm04743,LALBA
tcm04743,LIP3
tcm04743,LTB4R
tcm04743,LTB4R2
tcm04743,LTF
tcm04743,LY96
tcm04743,NCOA1
tcm04743,NR1H4
tcm04743,OGDH
tcm04743,PAEP
tcm04743,PKIA
tcm04743,PLA2G1B
tcm04743,PLA2G2A
tcm04743,PLA2G2D
tcm04743,PLA2G2E
tcm04743,PMP2
tcm04743,PPARA
tcm04743,PPARD
tcm04743,PPARG
tcm04743,PPA_RS05235
tcm04743,PPP3CA
tcm04743,PPP3R1
tcm04743,PPT1
tcm04743,PRKACA
tcm04743,PTGS1
tcm04743,PTGS2
tcm04743,PVR
tcm04743,RCVRN
tcm04743,RHO
tcm04743,RXRA
tcm04743,RXRB
tcm04743,RXRG
tcm04743,S100B
tcm04743,SCN10A
tcm04743,SCN11A
tcm04743,SCN1A
tcm04743,SCN1B
tcm04743,SCN2A
tcm04743,SCN2B
tcm04743,SCN3A
tcm04743,SCN3B
tcm04743,SCN4A
tcm04743,SCN4B
tcm04743,SCN5A
tcm04743,SCN7A
tcm04743,SCN8A
tcm04743,SCN9A
tcm04743,SEC14L2
tcm04743,SLC8A1
tcm04743,SREBF1
tcm04743,TLR4
tcm04743,TM1468
tcm04743,TRAPPC3
tcm04743,TRPV1
tcm04743,VLDLR
tcm00491,ABL1
tcm00491,ACSL3
tcm00491,ACSL4
tcm00491,ADH5
tcm00491,ARF1
tcm00491,ARF6
tcm00491,C8G
tcm00491,CALM1
tcm00491,CYP2C8
tcm00491,ECI2
tcm00491,ELOVL4
tcm00491,FADS1
tcm00491,FADS2
tcm00491,FFAR1
tcm00491,FKBP1A
tcm00491,FURIN
tcm00491,GLTP
tcm00491,GM2A
tcm00491,GUCA1A
tcm00491,HNF4A
tcm00491,HNF4G
tcm00491,INS
tcm00491,LALBA
tcm00491,LIP3
tcm00491,LTF
tcm00491,LY96
tcm00491,NCOA1
tcm00491,NR1H4
tcm00491,PAEP
tcm00491,PKIA
tcm00491,PLA2G1B
tcm00491,PLA2G2A
tcm00491,PLA2G2D
tcm00491,PLA2G2E
tcm00491,PMP2
tcm00491,PPARA
tcm00491,PPARD
tcm00491,PPARG
tcm00491,PPA_RS05235
tcm00491,PPP3CA
tcm00491,PPP3R1
tcm00491,PPT1
tcm00491,PRKACA
tcm00491,PTGS1
tcm00491,PTGS2
tcm00491,PVR
tcm00491,RCVRN
tcm00491,RHO
tcm00491,RXRA
tcm00491,RXRB
tcm00491,RXRG
tcm00491,SEC14L2
tcm00491,SLC8A1
tcm00491,SREBF1
tcm00491,TLR4
tcm00491,TM1468
tcm00491,TRAPPC3
tcm00491,TRPV1
tcm00491,VLDLR
tcm00252,AKR1C1
tcm00252,AKR1C2
tcm00252,AR
tcm00252,CLEC4E
tcm00252,ESR1
tcm00252,ESR2
tcm00252,GABRA2
tcm00252,GABRA4
tcm00252,GABRA5
tcm00252,GABRA6
tcm00252,GABRB1
tcm00252,GABRB2
tcm00252,GABRB3
tcm00252,GABRD
tcm00252,GABRE
tcm00252,GABRG1
tcm00252,GABRG2
tcm00252,GABRG3
tcm00252,GABRP
tcm00252,GABRQ
tcm00252,GRIN1
tcm00252,GRIN2A
tcm00252,GRIN2B
tcm00252,GRIN2C
tcm00252,GRIN2D
tcm00252,GRIN3A
tcm00252,GRIN3B
tcm00252,HSD17B1
tcm00252,LIP3
tcm00252,LSS
tcm00252,NR1I2
tcm00252,NR1I3
tcm00252,NR3C1
tcm00252,PPARA
tcm00252,RORA
tcm00252,SIGMAR1
tcm00252,SULT2A1
tcm00252,SULT2B1
tcm00252,VDR
tcm03973,ABO
tcm03973,AMY2B
tcm03973,CYP2B6
tcm03973,GLT6D1
tcm03973,GLTP
tcm03973,LGALS3
tcm03973,TYR
tcm01861,CDIPT
tcm01861,GBA
tcm09931,AMY1A
tcm09931,AMY2A
tcm09931,AMY2B
tcm09931,BAMF_RS28815
tcm09931,GCK
tcm09931,GLT6D1
tcm09931,GLTP
tcm09931,GNPDA1
tcm09931,HK1
tcm09931,IFNB1
tcm09931,KRTAP5-2
tcm09931,KRTAP5-3
tcm09931,LCT
tcm09931,LCTL
tcm09931,LGALS2
tcm09931,LGALS3
tcm09931,LGALS7
tcm09931,MB
tcm09931,MBL2
tcm09931,NCAN
tcm09931,NUDT9
tcm09931,PTGS1
tcm09931,PYGL
tcm09931,PYGM
tcm09931,SFTPD
tcm09931,SIGLEC1
tcm09931,SMARCA5
tcm09931,TM0024
tcm09931,TYR
tcm02154,ACOT13
tcm02154,DBI
tcm02154,PRKACA
tcm02154,RHO
tcm02304,BLLF1
tcm02304,FAAH
tcm02959,ABL1
tcm02959,ACSL3
tcm02959,ACSL4
tcm02959,ADH5
tcm02959,ARF1
tcm02959,ARF6
tcm02959,C8G
tcm02959,CALM1
tcm02959,CNR1
tcm02959,CNR2
tcm02959,CYP2C8
tcm02959,ECI2
tcm02959,ELOVL4
tcm02959,FADS1
tcm02959,FADS2
tcm02959,FFAR1
tcm02959,FKBP1A
tcm02959,FURIN
tcm02959,GLTP
tcm02959,GM2A
tcm02959,GUCA1A
tcm02959,HNF4A
tcm02959,HNF4G
tcm02959,INS
tcm02959,LALBA
tcm02959,LIP3
tcm02959,LTB4R
tcm02959,LTB4R2
tcm02959,LTF
tcm02959,LY96
tcm02959,NCOA1
tcm02959,NR1H4
tcm02959,PAEP
tcm02959,PKIA
tcm02959,PLA2G1B
tcm02959,PLA2G2A
tcm02959,PLA2G2D
tcm02959,PLA2G2E
tcm02959,PMP2
tcm02959,PPARA
tcm02959,PPARD
tcm02959,PPARG
tcm02959,PPA_RS05235
tcm02959,PPP3CA
tcm02959,PPP3R1
tcm02959,PPT1
tcm02959,PRKACA
tcm02959,PTGS1
tcm02959,PTGS2
tcm02959,PVR
tcm02959,RCVRN
tcm02959,RHO
tcm02959,RXRA
tcm02959,RXRB
tcm02959,RXRG
tcm02959,S100B
tcm02959,SEC14L2
tcm02959,SLC8A1
tcm02959,SREBF1
tcm02959,TLR4
tcm02959,TM1468
tcm02959,TRAPPC3
tcm02959,TRPV1
tcm02959,VLDLR
tcm00489,ABAT
tcm00489,ABL1
tcm00489,ACADSB
tcm00489,ACOX1
tcm00489,ACSL3
tcm00489,ACSL4
tcm00489,ADH5
tcm00489,ALDH5A1
tcm00489,ARF1
tcm00489,ARF6
tcm00489,C8G
tcm00489,CALM1
tcm00489,CNR1
tcm00489,CNR2
tcm00489,CYP2C8
tcm00489,ECI2
tcm00489,ELOVL4
tcm00489,FADS1
tcm00489,FADS2
tcm00489,FFAR1
tcm00489,FKBP1A
tcm00489,FURIN
tcm00489,GLTP
tcm00489,GM2A
tcm00489,GUCA1A
tcm00489,HAO1
tcm00489,HDAC2
tcm00489,HDAC9
tcm00489,HNF4A
tcm00489,HNF4G
tcm00489,INS
tcm00489,LALBA
tcm00489,LIP3
tcm00489,LTB4R
tcm00489,LTB4R2
tcm00489,LTF
tcm00489,LY96
tcm00489,NCOA1
tcm00489,NR1H4
tcm00489,OGDH
tcm00489,PAEP
tcm00489,PKIA
tcm00489,PLA2G1B
tcm00489,PLA2G2A
tcm00489,PLA2G2D
tcm00489,PLA2G2E
tcm00489,PMP2
tcm00489,PPARA
tcm00489,PPARD
tcm00489,PPARG
tcm00489,PPA_RS05235
tcm00489,PPP3CA
tcm00489,PPP3R1
tcm00489,PPT1
tcm00489,PRKACA
tcm00489,PTGS1
tcm00489,PTGS2
tcm00489,PVR
tcm00489,RCVRN
tcm00489,RHO
tcm00489,RXRA
tcm00489,RXRB
tcm00489,RXRG
tcm00489,S100B
tcm00489,SCN10A
tcm00489,SCN11A
tcm00489,SCN1A
tcm00489,SCN1B
tcm00489,SCN2A
tcm00489,SCN2B
tcm00489,SCN3A
tcm00489,SCN3B
tcm00489,SCN4A
tcm00489,SCN4B
tcm00489,SCN5A
tcm00489,SCN7A
tcm00489,SCN8A
tcm00489,SCN9A
tcm00489,SEC14L2
tcm00489,SLC8A1
tcm00489,SREBF1
tcm00489,TLR4
tcm00489,TM1468
tcm00489,TRAPPC3
tcm00489,TRPV1
tcm00489,VLDLR
tcm00568,PRKACA
tcm00507,ABAT
tcm00507,ABL1
tcm00507,ACADSB
tcm00507,ACOX1
tcm00507,ACSL3
tcm00507,ACSL4
tcm00507,ADH5
tcm00507,ALDH5A1
tcm00507,ARF1
tcm00507,ARF6
tcm00507,C8G
tcm00507,CALM1
tcm00507,CNR1
tcm00507,CNR2
tcm00507,CYP2C8
tcm00507,ECI2
tcm00507,ELOVL4
tcm00507,FADS1
tcm00507,FADS2
tcm00507,FFAR1
tcm00507,FKBP1A
tcm00507,FURIN
tcm00507,GLTP
tcm00507,GM2A
tcm00507,GUCA1A
tcm00507,HAO1
tcm00507,HDAC2
tcm00507,HDAC9
tcm00507,HNF4A
tcm00507,HNF4G
tcm00507,INS
tcm00507,LALBA
tcm00507,LIP3
tcm00507,LTB4R
tcm00507,LTB4R2
tcm00507,LTF
tcm00507,LY96
tcm00507,NCOA1
tcm00507,NR1H4
tcm00507,OGDH
tcm00507,PAEP
tcm00507,PKIA
tcm00507,PLA2G1B
tcm00507,PLA2G2A
tcm00507,PLA2G2D
tcm00507,PLA2G2E
tcm00507,PMP2
tcm00507,PPARA
tcm00507,PPARD
tcm00507,PPARG
tcm00507,PPA_RS05235
tcm00507,PPP3CA
tcm00507,PPP3R1
tcm00507,PPT1
tcm00507,PRKACA
tcm00507,PTGS1
tcm00507,PTGS2
tcm00507,PVR
tcm00507,RCVRN
tcm00507,RHO
tcm00507,RXRA
tcm00507,RXRB
tcm00507,RXRG
tcm00507,S100B
tcm00507,SCN10A
tcm00507,SCN11A
tcm00507,SCN1A
tcm00507,SCN1B
tcm00507,SCN2A
tcm00507,SCN2B
tcm00507,SCN3A
tcm00507,SCN3B
tcm00507,SCN4A
tcm00507,SCN4B
tcm00507,SCN5A
tcm00507,SCN7A
tcm00507,SCN8A
tcm00507,SCN9A
tcm00507,SEC14L2
tcm00507,SLC8A1
tcm00507,SREBF1
tcm00507,TLR4
tcm00507,TM1468
tcm00507,TRAPPC3
tcm00507,TRPV1
tcm00507,VLDLR
tcm03881,IGHG1
tcm03881,LCN2
